INTERNAL_KEY,SITENAME,SITECODE,COUNTRY,SITE STATUS,INTEREST STATUS,NOWAK CODE,BIRDNAME,LAY_TITLE,SEASON,COUNT,UNITS,Pop UNITS,YEAR,CRITERIA_DESC,proportion,assemb component,X_COORDINATE,Y_COORDINATE
7000022,Abberton Reservoir,UK11001,E,Classified/designatd,nationally important,125,Fulica atra (North-western Europe - wintering),Common coot ,P,8953,Individuals,8953 i,5 year peak mean 1998/9-2002/3,Nationally important population (GB passage),5.17514450867052,N,597597,217145
7000022,Abberton Reservoir,UK11001,E,Classified/designatd,internationally important,050,Anas penelope (Western Siberia/North-western/North-eastern Europe),Eurasian wigeon ,W,2888,Individuals,2888 i,,International population (Wintering),1.69882352941176,N,597597,217145
7000022,Abberton Reservoir,UK11001,E,Classified/designatd,internationally important,WATR,Waterfowl assemblage,Waterfowl assemblage,W,23787,Individuals,23787 i,5 year peak mean 1998/9-2002/3,Waterfowl assemblage - wintering,,N,597597,217145
7000022,Abberton Reservoir,UK11001,E,Classified/designatd,nationally important,164,Tringa nebularia (Europe/Western Africa),Common greenshank ,P,6,Individuals,6 i,5 year peak mean 1998/9-2002/3,Nationally important population (GB passage),1.00502512562814,N,597597,217145
7000022,Abberton Reservoir,UK11001,E,Classified/designatd,nationally important,161,Tringa erythropus (Europe/Western Africa),Spotted redshank ,P,11,Individuals,11 i,5 year peak mean 1998/9-2002/3,Nationally important population (GB passage),8.08823529411765,N,597597,217145
7000022,Abberton Reservoir,UK11001,E,Classified/designatd,nationally important,156,Limosa limosa islandica (Iceland - breeding),Black-tailed godwit ,P,220,Individuals,220 i,5 year peak mean 1998/9-2002/3,Nationally important population (GB passage),1.42949967511371,N,597597,217145
7000022,Abberton Reservoir,UK11001,E,Classified/designatd,nationally important,132,Recurvirostra avosetta (Western Europe/Western Mediterranean - breeding),Pied avocet ,P,38,Individuals,38 i,5 year peak mean 1998/9-2002/3,Nationally important population (GB passage),1.11929307805596,N,597597,217145
7000022,Abberton Reservoir,UK11001,E,Classified/designatd,nationally important,067,Bucephala clangula (North-western/Central Europe),Common goldeneye ,W,515,Individuals,515 i,5 year peak mean 1998/9-2002/3,Nationally important population (GB wintering),2.06827309236948,N,597597,217145
7000022,Abberton Reservoir,UK11001,E,Classified/designatd,nationally important,061,Aythya fuligula (North-western Europe),Tufted duck ,P,3243,Individuals,3243 i,5 year peak mean 1998/9-2002/3,Nationally important population (GB passage),3.59933407325194,N,597597,217145
7000022,Abberton Reservoir,UK11001,E,Classified/designatd,internationally important,059,Aythya ferina (North-western/North-eastern Europe),Common pochard ,P,4373,Individuals,4373 i,5 year peak mean 1998/9-2002/3,International population (passage),1.24942857142857,N,597597,217145
7000022,Abberton Reservoir,UK11001,E,Classified/designatd,internationally important,056,Anas clypeata (North-western/Central Europe),Northern shoveler ,P,377,Individuals,377 i,5 year peak mean 1998/9-2002/3,Nationally important population (GB passage),2.5472972972973,N,597597,217145
7000022,Abberton Reservoir,UK11001,E,Classified/designatd,nationally important,052,Anas crecca (North-western Europe),Eurasian teal ,P,2111,Individuals,2111 i,5 year peak mean 1998/9-2002/3,Nationally important population (GB passage),1.09947916666667,N,597597,217145
7000022,Abberton Reservoir,UK11001,E,Classified/designatd,internationally important,051,Anas strepera (North-western Europe),Gadwall ,P,550,Individuals,550 i,5 year peak mean 1998/9-2002/3,Nationally important population (GB passage),3.21637426900585,N,597597,217145
7000022,Abberton Reservoir,UK11001,E,Classified/designatd,internationally important,036,Cygnus olor (Britain),Mute swan ,P,387,Individuals,387 i,5 year peak mean 1998/9-2002/3,International population (passage),1.032,N,597597,217145
7000022,Abberton Reservoir,UK11001,E,Classified/designatd,nationally important,017,Phalacrocorax carbo (North-western Europe),Great cormorant ,B,370,,370 n,Seabird 2000 Census,Nationally important population (GB breeding),4.42848593656493,N,597597,217145
7000022,Abberton Reservoir,UK11001,E,Classified/designatd,nationally important,151,Philomachus pugnax (Western Africa - wintering),Ruff ,P,43,Individuals,43 i,5 year peak mean 1998/9-2002/3,Nationally important population (GB passage),6.14285714285714,N,597597,217145
7000116,Alde–Ore Estuary,UK11002,E,Classified/designatd,internationally important,132,Recurvirostra avosetta (Western Europe/Western Mediterranean - breeding),Pied avocet ,W,1187,Individuals,1187 i,5 year peak mean 1998/9-2002/3,International population (Wintering),1.62602739726027,N,643273.8,248712
7000116,Alde–Ore Estuary,UK11002,E,Classified/designatd,nationally important,056,Anas clypeata (North-western/Central Europe),Northern shoveler ,W,224,Individuals,224 i,5 year peak mean 1998/9-2002/3,Nationally important population (GB wintering),1.51351351351351,N,643273.8,248712
7000116,Alde–Ore Estuary,UK11002,E,Classified/designatd,nationally important,054,Anas acuta (North-western Europe),Northern pintail ,W,556,Individuals,556 i,5 year peak mean 1998/9-2002/3,Nationally important population (GB wintering),1.99283154121864,N,643273.8,248712
7000116,Alde–Ore Estuary,UK11002,E,Classified/designatd,nationally important,052,Anas crecca (North-western Europe),Eurasian teal ,W,2447,Individuals,2447 i,5 year peak mean 1998/9-2002/3,Nationally important population (GB wintering),1.27447916666667,N,643273.8,248712
7000116,Alde–Ore Estuary,UK11002,E,Classified/designatd,nationally important,050,Anas penelope (Western Siberia/North-western/North-eastern Europe),Eurasian wigeon ,W,6851,Individuals,6851 i,5 year peak mean 1998/9-2002/3,Nationally important population (GB wintering),1.68743842364532,N,643273.8,248712
7000116,Alde–Ore Estuary,UK11002,E,Classified/designatd,internationally important,162,Tringa totanus (Eastern Atlantic - wintering),Common redshank ,W,2368,Individuals,2368 i,5 year peak mean 1998/9-2002/3,Nationally important population (GB wintering),2.0396210163652,N,643273.8,248712
7000116,Alde–Ore Estuary,UK11002,E,Classified/designatd,nationally important,048,Tadorna tadorna (North-western Europe),Common shelduck ,W,1398,Individuals,1398 i,5 year peak mean 1998/9-2002/3,Nationally important population (GB wintering),1.78772378516624,N,643273.8,248712
7000116,Alde–Ore Estuary,UK11002,E,Classified/designatd,nationally important,081,Circus aeruginosus,Eurasian marsh harrier ,B,3,Pairs,3 p,5 year mean 1993-1997,Nationally important population (GB breeding),1.98675496688742,N,643273.8,248712
7000116,Alde–Ore Estuary,UK11002,E,Classified/designatd,nationally important,161,Tringa erythropus (Europe/Western Africa),Spotted redshank ,P,44,Individuals,44 i,5 year peak mean 1998/9-2002/3,Nationally important population (GB passage),32.3529411764706,N,643273.8,248712
7000116,Alde–Ore Estuary,UK11002,E,Classified/designatd,nationally important,156,Limosa limosa islandica (Iceland - breeding),Black-tailed godwit ,P,283,Individuals,283 i,5 year peak mean 1998/9-2002/3,Nationally important population (GB passage),1.83885640025991,N,643273.8,248712
7000116,Alde–Ore Estuary,UK11002,E,Classified/designatd,nationally important,164,Tringa nebularia (Europe/Western Africa),Common greenshank ,P,29,Individuals,29 i,5 year peak mean 1998/9-2002/3,Nationally important population (GB passage),4.85762144053601,N,643273.8,248712
7000116,Alde–Ore Estuary,UK11002,E,Classified/designatd,nationally important,176,Larus melanocephalus,Mediterranean gull ,B,6,,6 n,Seabird 2000 Census,Nationally important population (GB breeding),5.55555555555556,N,643273.8,248712
7000116,Alde–Ore Estuary,UK11002,E,Classified/designatd,internationally important,183,Larus fuscus (Western Europe/Mediterranean/Western Africa),Lesser black-backed gull ,B,5790,,5790 n,Seabird 2000 Census,International population (Breeding),3.91727049463151,N,643273.8,248712
7000116,Alde–Ore Estuary,UK11002,E,Classified/designatd,nationally important,394,Anser albifrons albifrons (North-western Siberia/North-eastern & North-western Europe),Greater white-fronted goose ,W,186,Individuals,186 i,5 year peak mean for 1996/7-2000/01,Nationally important population (GB wintering),3.21243523316062,N,643273.8,248712
7000116,Alde–Ore Estuary,UK11002,E,Classified/designatd,nationally important,191,Sterna sandvicensis (Western Europe/Western Africa),Sandwich tern ,B,169,Pairs,169 p,5 year mean 1991-1995,Nationally important population (GB breeding),1.60402429764617,N,643273.8,248712
7000116,Alde–Ore Estuary,UK11002,E,Classified/designatd,nationally important,195,Sterna albifrons (Eastern Atlantic - breeding),Little tern ,B,88,,88 n,Seabird 2000 Census,Nationally important population (GB breeding),4.51977401129944,N,643273.8,248712
7000203,Alderney West Coast and the Burhou Islands,UK22002,OT,Classified/designatd,internationally important,016,Morus bassanus,Northern gannet ,B,5950,Pairs,5950 p,2000/01,International population (Breeding),1.5,N,0,0
7,Arun Valley,UK11004,E,Classified/designatd,nationally important,151,Philomachus pugnax (Western Africa - wintering),Ruff ,W,27,Individuals,27 i,5 year peak mean 1998/9-2002/3,Nationally important population (GB wintering),3.85714285714286,N,503475,114271
7,Arun Valley,UK11004,E,Classified/designatd,nationally important,050,Anas penelope (Western Siberia/North-western/North-eastern Europe),Eurasian wigeon ,W,4742,Individuals,4742 i,5 year peak mean 1998/9-2002/3,Nationally important population (GB wintering),1.1679802955665,N,503475,114271
7,Arun Valley,UK11004,E,Classified/designatd,nationally important,052,Anas crecca (North-western Europe),Eurasian teal ,W,2931,Individuals,2931 i,5 year peak mean 1998/9-2002/3,Nationally important population (GB wintering),1.5265625,N,503475,114271
7,Arun Valley,UK11004,E,Classified/designatd,internationally important,054,Anas acuta (North-western Europe),Northern pintail ,W,641,Individuals,641 i,5 year peak mean 1998/9-2002/3,International population (Wintering),1.06833333333333,N,503475,114271
7,Arun Valley,UK11004,E,Classified/designatd,nationally important,056,Anas clypeata (North-western/Central Europe),Northern shoveler ,W,222,Individuals,222 i,5 year peak mean 1998/9-2002/3,Nationally important population (GB wintering),1.5,N,503475,114271
7,Arun Valley,UK11004,E,Classified/designatd,internationally important,WATR,Waterfowl assemblage,Waterfowl assemblage,W,13774,Individuals,13774 i,5 year peak mean 1998/9-2002/3,Waterfowl assemblage - wintering,,N,503475,114271
7000134,Avon Valley,UK11005,E,Classified/designatd,nationally important,183,Larus fuscus (Western Europe/Mediterranean/Western Africa),Lesser black-backed gull ,P,944,Individuals,944 i,5 year peak mean 1998/9-2002/3,Nationally important population (GB passage),1.55373043435324,N,414369.1,98359.7
7000134,Avon Valley,UK11005,E,Classified/designatd,internationally important,156,Limosa limosa islandica (Iceland - breeding),Black-tailed godwit ,W,1142,Individuals,1142 i,5 year peak mean 1998/9-2002/3,International population (Wintering),3.26285714285714,N,414369.1,98359.7
7000134,Avon Valley,UK11005,E,Classified/designatd,nationally important,394,Anser albifrons albifrons (North-western Siberia/North-eastern & North-western Europe),Greater white-fronted goose ,W,79,Individuals,79 i,,Nationally important population (GB wintering),1.36442141623489,N,414369.1,98359.7
7000134,Avon Valley,UK11005,E,Classified/designatd,nationally important,004,Tachybaptus ruficollis (Western Palearctic),Little grebe ,W,90,Individuals,90 i,5 year peak mean 1998/9-2002/3,Nationally important population (GB wintering),1.15830115830116,N,414369.1,98359.7
7000134,Avon Valley,UK11005,E,Classified/designatd,nationally important,056,Anas clypeata (North-western/Central Europe),Northern shoveler ,W,177,Individuals,177 i,5 year peak mean 1998/9-2002/3,Nationally important population (GB wintering),1.19594594594595,N,414369.1,98359.7
7000134,Avon Valley,UK11005,E,Classified/designatd,internationally important,054,Anas acuta (North-western Europe),Northern pintail ,W,715,Individuals,715 i,5 year peak mean 1998/9-2002/3,International population (Wintering),1.19166666666667,N,414369.1,98359.7
7000134,Avon Valley,UK11005,E,Classified/designatd,nationally important,026,Egretta garzetta (Sub-Saharan Africa - breeding),Little egret ,W,26,Individuals,26 i,5 year peak mean 1998/9-2002/3,Nationally important population (GB wintering),1.57575757575758,N,414369.1,98359.7
7000134,Avon Valley,UK11005,E,Classified/designatd,internationally important,051,Anas strepera (North-western Europe),Gadwall ,W,537,Individuals,537 i,5 year peak mean 1998/9-2002/3,Nationally important population (GB wintering),3.14035087719298,N,414369.1,98359.7
7000148,Belfast Lough,UK12002,NI,Classified/designatd,nationally important,001,Gavia stellata (North-western Europe - wintering),Red-throated diver ,W,27,Individuals,27 i,5 year peak mean 1998/9-2002/3,Nationally important population (all Ireland wintering),2.7,N,148357.2123,533505.4645
7000148,Belfast Lough,UK12002,NI,Classified/designatd,nationally important,143,Calidris canutus (North-eastern Canada/Greenland/Iceland/North-western Europe),Red knot ,W,386,Individuals,386 i,5 year peak mean 1998/9-2002/3,Nationally important population (all Ireland wintering),1.02933333333333,N,148357.2123,533505.4645
7000148,Belfast Lough,UK12002,NI,Classified/designatd,nationally important,005,Podiceps cristatus (North-western Europe - wintering),Great crested grebe ,W,1550,Individuals,1550 i,5 year peak mean 1998/9-2002/3,Nationally important population (all Ireland wintering),44.2857142857143,N,148357.2123,533505.4645
7000148,Belfast Lough,UK12002,NI,Classified/designatd,nationally important,017,Phalacrocorax carbo (North-western Europe),Great cormorant ,P,279,Individuals,279 i,5 year peak mean 1998/9-2002/3,Nationally important population (all Ireland passage),5.58,N,148357.2123,533505.4645
7000148,Belfast Lough,UK12002,NI,Classified/designatd,nationally important,048,Tadorna tadorna (North-western Europe),Common shelduck ,W,251,Individuals,251 i,5 year peak mean 1998/9-2002/3,Nationally important population (all Ireland wintering),3.58571428571429,N,148357.2123,533505.4645
7000148,Belfast Lough,UK12002,NI,Classified/designatd,nationally important,062,Aythya marila (Northern/Western Europe),Greater scaup ,W,340,Individuals,340 i,5 year peak mean 1998/9-2002/3,Nationally important population (all Ireland wintering),11.3333333333333,N,148357.2123,533505.4645
7000148,Belfast Lough,UK12002,NI,Classified/designatd,nationally important,063,Somateria mollissima (Britain/Ireland),Common eider ,P,867,Individuals,867 i,5 year peak mean 1998/9-2002/3,Nationally important population (all Ireland passage),43.35,N,148357.2123,533505.4645
7000148,Belfast Lough,UK12002,NI,Classified/designatd,nationally important,067,Bucephala clangula (North-western/Central Europe),Common goldeneye ,W,184,Individuals,184 i,5 year peak mean 1998/9-2002/3,Nationally important population (all Ireland wintering),1.67272727272727,N,148357.2123,533505.4645
7000148,Belfast Lough,UK12002,NI,Classified/designatd,nationally important,069,Mergus serrator (North-western/Central Europe),Red-breasted merganser ,W,155,Individuals,155 i,5 year peak mean 1998/9-2002/3,Nationally important population (all Ireland wintering),7.75,N,148357.2123,533505.4645
7000148,Belfast Lough,UK12002,NI,Classified/designatd,nationally important,137,Charadrius hiaticula (Europe/Northern Africa - wintering),Ringed plover ,W,133,Individuals,133 i,5 year peak mean 1998/9-2002/3,Nationally important population (all Ireland wintering),1.064,N,148357.2123,533505.4645
7000148,Belfast Lough,UK12002,NI,Classified/designatd,nationally important,151,Philomachus pugnax (Western Africa - wintering),Ruff ,P,3,Individuals,3 i,5 year peak mean 1998/9-2002/3,Nationally important population (all Ireland passage),15,N,148357.2123,533505.4645
7000148,Belfast Lough,UK12002,NI,Classified/designatd,internationally important,156,Limosa limosa islandica (Iceland - breeding),Black-tailed godwit ,P,521,Individuals,521 i,5 year peak mean 1998/9-2002/3,International population (passage),1.48857142857143,N,148357.2123,533505.4645
7000148,Belfast Lough,UK12002,NI,Classified/designatd,internationally important,162,Tringa totanus (Eastern Atlantic - wintering),Common redshank ,P,1897,Individuals,1897 i,5 year peak mean 1998/9-2002/3,International population (passage),1.4,N,148357.2123,533505.4645
7000148,Belfast Lough,UK12002,NI,Classified/designatd,nationally important,169,Arenaria interpres (Western Palearctic - wintering),Ruddy turnstone ,W,385,Individuals,385 i,5 year peak mean 1998/9-2002/3,Nationally important population (all Ireland wintering),1.71111111111111,N,148357.2123,533505.4645
7000148,Belfast Lough,UK12002,NI,Classified/designatd,nationally important,182,Larus canus (West and Central Europe),Mew gull ,W,1167,Individuals,1167 i,5 year peak mean 1998/9-2002/3,Nationally important population (all Ireland wintering),1.72888888888889,N,148357.2123,533505.4645
7000148,Belfast Lough,UK12002,NI,Classified/designatd,nationally important,130,Haematopus ostralegus (Europe & Northern/Western Africa),Eurasian oystercatcher ,P,4648,Individuals,4648 i,5 year peak mean 1998/9-2002/3,Nationally important population (all Ireland passage),9.296,N,148357.2123,533505.4645
7000079,Benfleet and Southend Marshes,UK11006,E,Classified/designatd,internationally important,143,Calidris canutus (North-eastern Canada/Greenland/Iceland/North-western Europe),Red knot ,W,6307,Individuals,6307 i,5 year peak mean 1998/9-2002/3,International population (Wintering),1.40155555555556,N,586124.8,184520.6
7000079,Benfleet and Southend Marshes,UK11006,E,Classified/designatd,internationally important,WATR,Waterfowl assemblage,Waterfowl assemblage,W,32867,Individuals,32867 i,5 year peak mean 1998/9-2002/3,Waterfowl assemblage - wintering,,N,586124.8,184520.6
7000079,Benfleet and Southend Marshes,UK11006,E,Classified/designatd,internationally important,149,Calidris alpina alpina (Northern Siberia/Europe/Western Africa),Dunlin ,W,17591,Individuals,17591 i,5 year peak mean 1998/9-2002/3,International population (Wintering),1.32263157894737,N,586124.8,184520.6
7000079,Benfleet and Southend Marshes,UK11006,E,Classified/designatd,internationally important,141,Pluvialis squatarola (Eastern Atlantic - wintering),Grey plover ,W,1710,Individuals,1710 i,5 year peak mean 1998/9-2002/3,Nationally important population (GB wintering),3.24170616113744,N,586124.8,184520.6
7000079,Benfleet and Southend Marshes,UK11006,E,Classified/designatd,nationally important,137,Charadrius hiaticula (Europe/Northern Africa - wintering),Ringed plover ,W,356,Individuals,356 i,5 year peak mean 1998/9-2002/3,Nationally important population (GB wintering),1.09707241910632,N,586124.8,184520.6
7000079,Benfleet and Southend Marshes,UK11006,E,Classified/designatd,internationally important,046a,Branta bernicla bernicla (Western Siberia/Western Europe),Dark-bellied brent goose,P,4532,Individuals,4532 i,5 year peak mean 1998/9-2002/3,International population (passage),2.10790697674419,N,586124.8,184520.6
7000079,Benfleet and Southend Marshes,UK11006,E,Classified/designatd,nationally important,026,Egretta garzetta (Sub-Saharan Africa - breeding),Little egret ,P,17,Individuals,17 i,5 year peak mean 1998/9-2002/3,Nationally important population (GB passage),1.03030303030303,N,586124.8,184520.6
7000079,Benfleet and Southend Marshes,UK11006,E,Classified/designatd,nationally important,164,Tringa nebularia (Europe/Western Africa),Common greenshank ,P,31,Individuals,31 i,5 year peak mean 1998/9-2002/3,Nationally important population (GB passage),5.19262981574539,N,586124.8,184520.6
7000097,Blackwater Estuary (Mid-Essex Coast Phase 4),UK11007,E,Classified/designatd,nationally important,082,Circus cyaneus,Hen harrier,W,19,Individuals,<19 i,5 year mean 1987/8-1991/2,Nationally important population (GB wintering),2.53333333333333,N,597829.1,210041.6
7000097,Blackwater Estuary (Mid-Essex Coast Phase 4),UK11007,E,Classified/designatd,nationally important,161,Tringa erythropus (Europe/Western Africa),Spotted redshank ,P,36,Individuals,36 i,5 year peak mean 1998/9-2002/3,Nationally important population (GB passage),26.4705882352941,N,597829.1,210041.6
7000097,Blackwater Estuary (Mid-Essex Coast Phase 4),UK11007,E,Classified/designatd,nationally important,137,Charadrius hiaticula (Europe/Northern Africa - wintering),Ringed plover ,P,714,Individuals,714 i,5 year peak mean 1998/9-2002/3,Nationally important population (GB passage),2.20030816640986,N,597829.1,210041.6
7000097,Blackwater Estuary (Mid-Essex Coast Phase 4),UK11007,E,Classified/designatd,internationally important,WATR,Waterfowl assemblage,Waterfowl assemblage,W,105061,Individuals,105061 i,5 year peak mean 1998/9-2002/3,Waterfowl assemblage - wintering,,N,597829.1,210041.6
7000097,Blackwater Estuary (Mid-Essex Coast Phase 4),UK11007,E,Classified/designatd,nationally important,169,Arenaria interpres (Western Palearctic - wintering),Ruddy turnstone ,P,664,Individuals,664 i,5 year peak mean 1998/9-2002/3 - spring peak,Nationally important population (GB passage),1.34006054490414,N,597829.1,210041.6
7000097,Blackwater Estuary (Mid-Essex Coast Phase 4),UK11007,E,Classified/designatd,nationally important,164,Tringa nebularia (Europe/Western Africa),Common greenshank ,P,149,Individuals,149 i,5 year peak mean 1998/9-2002/3,Nationally important population (GB passage),24.9581239530988,N,597829.1,210041.6
7000097,Blackwater Estuary (Mid-Essex Coast Phase 4),UK11007,E,Classified/designatd,internationally important,162,Tringa totanus (Eastern Atlantic - wintering),Common redshank ,W,4169,Individuals,4169 i,5 year peak mean 1998/9-2002/3,International population (Wintering),1.6676,N,597829.1,210041.6
7000097,Blackwater Estuary (Mid-Essex Coast Phase 4),UK11007,E,Classified/designatd,internationally important,048,Tadorna tadorna (North-western Europe),Common shelduck ,W,3141,Individuals,3141 i,5 year peak mean 1998/9-2002/3,International population (Wintering),1.047,N,597829.1,210041.6
7000097,Blackwater Estuary (Mid-Essex Coast Phase 4),UK11007,E,Classified/designatd,nationally important,142,Vanellus vanellus (Europe - breeding),Northern lapwing ,W,16944,Individuals,16944 i,5 year peak mean 1998/9-2002/3,Nationally important population (GB wintering),1.1296,N,597829.1,210041.6
7000097,Blackwater Estuary (Mid-Essex Coast Phase 4),UK11007,E,Classified/designatd,internationally important,140,Pluvialis apricaria [North-western Europe - breeding],European golden plover ,W,16083,Individuals,16083 i,5 year peak mean 1998/9-2002/3,International population (Wintering),1.72935483870968,N,597829.1,210041.6
7000097,Blackwater Estuary (Mid-Essex Coast Phase 4),UK11007,E,Classified/designatd,nationally important,132,Recurvirostra avosetta (Western Europe/Western Mediterranean - breeding),Pied avocet ,W,424,Individuals,424 i,5 year peak mean 1998/9-2002/3,Nationally important population (GB wintering),12.4889543446244,N,597829.1,210041.6
7000097,Blackwater Estuary (Mid-Essex Coast Phase 4),UK11007,E,Classified/designatd,nationally important,118,Rallus aquaticus (Europe),Water rail ,W,9,Individuals,9 i,5 year peak mean 1998/9-2002/3,Nationally important population (GB wintering),2,N,597829.1,210041.6
7000097,Blackwater Estuary (Mid-Essex Coast Phase 4),UK11007,E,Classified/designatd,nationally important,069,Mergus serrator (North-western/Central Europe),Red-breasted merganser ,W,129,Individuals,129 i,5 year peak mean 1998/9-2002/3,Nationally important population (GB wintering),1.3109756097561,N,597829.1,210041.6
7000097,Blackwater Estuary (Mid-Essex Coast Phase 4),UK11007,E,Classified/designatd,nationally important,067,Bucephala clangula (North-western/Central Europe),Common goldeneye ,W,260,Individuals,260 i,5 year peak mean 1998/9-2002/3,Nationally important population (GB wintering),1.04417670682731,N,597829.1,210041.6
7000097,Blackwater Estuary (Mid-Essex Coast Phase 4),UK11007,E,Classified/designatd,nationally important,160,Numenius arquata (Europe - breeding),Eurasian curlew ,P,1959,Individuals,1959 i,5 year peak mean 1998/9-2002/3,Nationally important population (GB passage),1.33174711080897,N,597829.1,210041.6
7000097,Blackwater Estuary (Mid-Essex Coast Phase 4),UK11007,E,Classified/designatd,nationally important,143,Calidris canutus (North-eastern Canada/Greenland/Iceland/North-western Europe),Red knot ,W,3864,Individuals,3864 i,5 year peak mean 1998/9-2002/3,Nationally important population (GB wintering),1.36248236953456,N,597829.1,210041.6
7000097,Blackwater Estuary (Mid-Essex Coast Phase 4),UK11007,E,Classified/designatd,internationally important,141,Pluvialis squatarola (Eastern Atlantic - wintering),Grey plover ,W,4215,Individuals,4215 i,5 year peak mean 1998/9-2002/3,International population (Wintering),1.70647773279352,N,597829.1,210041.6
7000097,Blackwater Estuary (Mid-Essex Coast Phase 4),UK11007,E,Classified/designatd,nationally important,054,Anas acuta (North-western Europe),Northern pintail ,W,396,Individuals,396 i,5 year peak mean 1998/9-2002/3,Nationally important population (GB wintering),1.41935483870968,N,597829.1,210041.6
7000097,Blackwater Estuary (Mid-Essex Coast Phase 4),UK11007,E,Classified/designatd,internationally important,046a,Branta bernicla bernicla (Western Siberia/Western Europe),Dark-bellied brent goose,W,8689,Individuals,8689 i,5 year peak mean 1998/9-2002/3,International population (Wintering),4.04139534883721,N,597829.1,210041.6
7000097,Blackwater Estuary (Mid-Essex Coast Phase 4),UK11007,E,Classified/designatd,nationally important,026,Egretta garzetta (Sub-Saharan Africa - breeding),Little egret ,W,33,Individuals,33 i,5 year peak mean 1998/9-2002/3,Nationally important population (GB wintering),2,N,597829.1,210041.6
7000097,Blackwater Estuary (Mid-Essex Coast Phase 4),UK11007,E,Classified/designatd,nationally important,017,Phalacrocorax carbo (North-western Europe),Great cormorant ,W,286,Individuals,286 i,5 year peak mean 1998/9-2002/3,Nationally important population (GB wintering),1.24347826086957,N,597829.1,210041.6
7000097,Blackwater Estuary (Mid-Essex Coast Phase 4),UK11007,E,Classified/designatd,nationally important,007,Podiceps auritus (North-western Europe),Slavonian grebe ,W,11,Individuals,11 i,5 year peak mean 1998/9-2002/3,Nationally important population (GB wintering),1.51724137931034,N,597829.1,210041.6
7000097,Blackwater Estuary (Mid-Essex Coast Phase 4),UK11007,E,Classified/designatd,nationally important,195,Sterna albifrons (Eastern Atlantic - breeding),Little tern ,B,99,,99 n,Seabird 2000 Census,Nationally important population (GB breeding),5.08474576271187,N,597829.1,210041.6
7000097,Blackwater Estuary (Mid-Essex Coast Phase 4),UK11007,E,Classified/designatd,nationally important,193,Sterna hirundo (Northern/Eastern Europe - breeding),Common tern ,B,121,,121 n,Seabird 2000 Census,Nationally important population (GB breeding),1.19400039471087,N,597829.1,210041.6
7000097,Blackwater Estuary (Mid-Essex Coast Phase 4),UK11007,E,Classified/designatd,nationally important,176,Larus melanocephalus,Mediterranean gull ,B,4,,4 n,Seabird 2000 Census,Nationally important population (GB breeding),3.7037037037037,N,597829.1,210041.6
7000097,Blackwater Estuary (Mid-Essex Coast Phase 4),UK11007,E,Classified/designatd,nationally important,052,Anas crecca (North-western Europe),Eurasian teal ,W,2932,Individuals,2932 i,5 year peak mean 1998/9-2002/3,Nationally important population (GB wintering),1.52708333333333,N,597829.1,210041.6
7000097,Blackwater Estuary (Mid-Essex Coast Phase 4),UK11007,E,Classified/designatd,nationally important,144,Calidris alba (Eastern Atlantic/Western & Southern Africa - wintering),Sanderling ,W,229,Individuals,229 i,5 year peak mean 1998/9-2002/3,Nationally important population (GB wintering),1.11489776046738,N,597829.1,210041.6
7000097,Blackwater Estuary (Mid-Essex Coast Phase 4),UK11007,E,Classified/designatd,nationally important,151,Philomachus pugnax (Western Africa - wintering),Ruff ,W,42,Individuals,42 i,5 year peak mean 1998/9-2002/3,Nationally important population (GB wintering),6,N,597829.1,210041.6
7000097,Blackwater Estuary (Mid-Essex Coast Phase 4),UK11007,E,Classified/designatd,nationally important,050,Anas penelope (Western Siberia/North-western/North-eastern Europe),Eurasian wigeon ,W,5614,Individuals,5614 i,5 year peak mean 1998/9-2002/3,Nationally important population (GB wintering),1.38275862068966,N,597829.1,210041.6
7000097,Blackwater Estuary (Mid-Essex Coast Phase 4),UK11007,E,Classified/designatd,internationally important,156,Limosa limosa islandica (Iceland - breeding),Black-tailed godwit ,W,2174,Individuals,2174 i,5 year peak mean 1998/9-2002/3,International population (Wintering),6.21142857142857,N,597829.1,210041.6
7000097,Blackwater Estuary (Mid-Essex Coast Phase 4),UK11007,E,Classified/designatd,nationally important,158,Numenius phaeopus (Europe/Western Africa),Whimbrel ,P,272,Individuals,272 i,5 year peak mean 1998/9-2002/3 - spring peak,Nationally important population (GB passage),9.06666666666666,N,597829.1,210041.6
7000097,Blackwater Estuary (Mid-Essex Coast Phase 4),UK11007,E,Classified/designatd,internationally important,149,Calidris alpina alpina (Northern Siberia/Europe/Western Africa),Dunlin ,W,27655,Individuals,27655 i,5 year peak mean 1998/9-2002/3,International population (Wintering),2.07932330827068,N,597829.1,210041.6
7000112,Breydon Water,UK11008,E,Classified/designatd,nationally important,394,Anser albifrons albifrons (North-western Siberia/North-eastern & North-western Europe),Greater white-fronted goose ,W,83,Individuals,83 i,5 year peak mean for 1996/7-2000/01,Nationally important population (GB wintering),1.43350604490501,N,648918,307043.2
7000112,Breydon Water,UK11008,E,Classified/designatd,nationally important,193,Sterna hirundo (Northern/Eastern Europe - breeding),Common tern ,B,155,Pairs,155 p,Four year mean 1992-1994 & 1996,Nationally important population (GB breeding),1.52950463785277,N,648918,307043.2
7000112,Breydon Water,UK11008,E,Classified/designatd,internationally important,040,Anser brachyrhynchus (Eastern Greenland/Iceland/UK),Pink-footed goose ,W,5816,Individuals,5816 i,5 year peak mean 1998/9-2002/3,International population (Wintering),2.42333333333333,N,648918,307043.2
7000112,Breydon Water,UK11008,E,Classified/designatd,internationally important,050,Anas penelope (Western Siberia/North-western/North-eastern Europe),Eurasian wigeon ,W,15624,Individuals,15624 i,5 year peak mean 1998/9-2002/3,International population (Wintering),1.0416,N,648918,307043.2
7000112,Breydon Water,UK11008,E,Classified/designatd,nationally important,052,Anas crecca (North-western Europe),Eurasian teal ,W,3595,Individuals,3595 i,5 year peak mean 1998/9-2002/3,Nationally important population (GB wintering),1.87239583333333,N,648918,307043.2
7000112,Breydon Water,UK11008,E,Classified/designatd,internationally important,156,Limosa limosa islandica (Iceland - breeding),Black-tailed godwit ,W,1100,Individuals,1100 i,5 year peak mean 1998/9-2002/3,International population (Wintering),3.14285714285714,N,648918,307043.2
7000112,Breydon Water,UK11008,E,Classified/designatd,internationally important,WATR,Waterfowl assemblage,Waterfowl assemblage,W,68175,Individuals,68175 i,5 year peak mean 1998/9-2002/3,Waterfowl assemblage - wintering,,N,648918,307043.2
7000112,Breydon Water,UK11008,E,Classified/designatd,nationally important,164,Tringa nebularia (Europe/Western Africa),Common greenshank ,P,24,Individuals,24 i,5 year peak mean 1998/9-2002/3,Nationally important population (GB passage),4.02010050251256,N,648918,307043.2
7000112,Breydon Water,UK11008,E,Classified/designatd,internationally important,037,Cygnus columbianus bewickii (Western Siberia/North-eastern & North-western Europe),Tundra swan ,W,171,Individuals,171 i,5 year peak mean 1998/9-2002/3,Nationally important population (GB wintering),2.11895910780669,N,648918,307043.2
7000112,Breydon Water,UK11008,E,Classified/designatd,nationally important,158,Numenius phaeopus (Europe/Western Africa),Whimbrel ,P,48,Individuals,48 i,5 year peak mean 1998/9-2002/3 - spring peak,Nationally important population (GB passage),1.6,N,648918,307043.2
7000112,Breydon Water,UK11008,E,Classified/designatd,nationally important,054,Anas acuta (North-western Europe),Northern pintail ,W,361,Individuals,361 i,5 year peak mean 1998/9-2002/3,Nationally important population (GB wintering),1.29390681003584,N,648918,307043.2
7000112,Breydon Water,UK11008,E,Classified/designatd,nationally important,151,Philomachus pugnax (Western Africa - wintering),Ruff ,W,83,Individuals,83 i,5 year peak mean 1998/9-2002/3,Nationally important population (GB wintering),11.8571428571429,N,648918,307043.2
7000112,Breydon Water,UK11008,E,Classified/designatd,internationally important,142,Vanellus vanellus (Europe - breeding),Northern lapwing ,W,20142,Individuals,20142 i,5 year peak mean 1998/9-2002/3,Nationally important population (GB wintering),1.3428,N,648918,307043.2
7000112,Breydon Water,UK11008,E,Classified/designatd,internationally important,140,Pluvialis apricaria [North-western Europe - breeding],European golden plover ,W,10656,Individuals,10656 i,5 year peak mean 1998/9-2002/3,International population (Wintering),1.1458064516129,N,648918,307043.2
7000112,Breydon Water,UK11008,E,Classified/designatd,nationally important,132,Recurvirostra avosetta (Western Europe/Western Mediterranean - breeding),Pied avocet ,P,609,Individuals,609 i,5 year peak mean 1998/9-2002/3,Nationally important population (GB passage),17.9381443298969,N,648918,307043.2
7000112,Breydon Water,UK11008,E,Classified/designatd,internationally important,056,Anas clypeata (North-western/Central Europe),Northern shoveler ,W,478,Individuals,478 i,5 year peak mean 1998/9-2002/3,International population (Wintering),1.195,N,648918,307043.2
7000045,"Bridgend Flats, Islay",UK13001,S,Classified/designatd,nationally important,007,Podiceps auritus (North-western Europe),Slavonian grebe ,W,24,Individuals,24 i,5 year peak mean 1998/9-2002/3,Nationally important population (GB wintering),3.31034482758621,N,132525,661942
7000045,"Bridgend Flats, Islay",UK13001,S,Classified/designatd,internationally important,045a,Branta leucopsis [Eastern Greenland/Scotland/Ireland],Barnacle goose ,W,6700,Individuals,6700 i,,International population (Wintering),12.3844731977819,N,132525,661942
7000045,"Bridgend Flats, Islay",UK13001,S,Classified/designatd,nationally important,062,Aythya marila (Northern/Western Europe),Greater scaup ,W,1073,Individuals,1073 i,5 year peak mean 1998/9-2002/3,Nationally important population (GB wintering),14.1931216931217,N,132525,661942
7000045,"Bridgend Flats, Islay",UK13001,S,Classified/designatd,nationally important,069,Mergus serrator (North-western/Central Europe),Red-breasted merganser ,P,180,Individuals,180 i,5 year peak mean 1998/9-2002/3,Nationally important population (GB passage),1.82926829268293,N,132525,661942
7000045,"Bridgend Flats, Islay",UK13001,S,Classified/designatd,nationally important,003,Gavia immer,Great northern diver ,P,30,Individuals,30 i,5 year peak mean 1998/9-2002/3 - spring peak,Nationally important population (GB passage),1.2,N,132525,661942
7000089,Broadland,UK11010,E,Classified/designatd,nationally important,021,Botaurus stellaris (Europe - breeding),Great bittern ,W,2,Individuals,2 i,5 year peak mean 1998/9-2002/3,Nationally important population (GB wintering),2,N,643030,321077.5
7000089,Broadland,UK11010,E,Classified/designatd,nationally important,151,Philomachus pugnax (Western Africa - wintering),Ruff ,W,82,Individuals,82 i,5 year peak mean 1998/9-2002/3,Nationally important population (GB wintering),11.7142857142857,N,643030,321077.5
7000089,Broadland,UK11010,E,Classified/designatd,nationally important,017,Phalacrocorax carbo (North-western Europe),Great cormorant ,W,273,Individuals,273 i,5 year peak mean 1998/9-2002/3,Nationally important population (GB wintering),1.18695652173913,N,643030,321077.5
7000089,Broadland,UK11010,E,Classified/designatd,nationally important,039,Anser fabalis,Bean goose ,W,238,Individuals,238 i,5 year peak mean for 1996/7-2000/01,Nationally important population (GB wintering),59.5,N,643030,321077.5
7000089,Broadland,UK11010,E,Classified/designatd,internationally important,043a,Anser anser [Iceland/UK/Ireland],Greylag goose ,W,1007,Individuals,1007 i,,International population (Wintering),1.13019079685746,N,643030,321077.5
7000089,Broadland,UK11010,E,Classified/designatd,internationally important,050,Anas penelope (Western Siberia/North-western/North-eastern Europe),Eurasian wigeon ,W,6769,Individuals,6769 i,5 year peak mean 1998/9-2002/3,Nationally important population (GB wintering),1.66724137931034,N,643030,321077.5
7000089,Broadland,UK11010,E,Classified/designatd,internationally important,051,Anas strepera (North-western Europe),Gadwall ,W,545,Individuals,545 i,5 year peak mean 1998/9-2002/3,Nationally important population (GB wintering),3.18713450292398,N,643030,321077.5
7000089,Broadland,UK11010,E,Classified/designatd,nationally important,052,Anas crecca (North-western Europe),Eurasian teal ,W,2934,Individuals,2934 i,5 year peak mean 1998/9-2002/3,Nationally important population (GB wintering),1.528125,N,643030,321077.5
7000089,Broadland,UK11010,E,Classified/designatd,internationally important,056,Anas clypeata (North-western/Central Europe),Northern shoveler ,W,247,Individuals,247 i,5 year peak mean 1998/9-2002/3,Nationally important population (GB wintering),1.66891891891892,N,643030,321077.5
7000089,Broadland,UK11010,E,Classified/designatd,nationally important,059,Aythya ferina (North-western/North-eastern Europe),Common pochard ,W,800,Individuals,800 i,5 year peak mean 1998/9-2002/3,Nationally important population (GB wintering),1.34453781512605,N,643030,321077.5
7000089,Broadland,UK11010,E,Classified/designatd,nationally important,068,Mergellus albellus,Smew ,W,10,Individuals,10 i,5 year peak mean 1998/9-2002/3,Nationally important population (GB wintering),2.7027027027027,N,643030,321077.5
7000089,Broadland,UK11010,E,Classified/designatd,nationally important,125,Fulica atra (North-western Europe - wintering),Common coot ,P,3112,Individuals,3112 i,5 year peak mean 1998/9-2002/3,Nationally important population (GB passage),1.79884393063584,N,643030,321077.5
7000089,Broadland,UK11010,E,Classified/designatd,nationally important,394,Anser albifrons albifrons (North-western Siberia/North-eastern & North-western Europe),Greater white-fronted goose ,W,351,Individuals,351 i,,Nationally important population (GB wintering),6.06217616580311,N,643030,321077.5
7000089,Broadland,UK11010,E,Classified/designatd,internationally important,040,Anser brachyrhynchus (Eastern Greenland/Iceland/UK),Pink-footed goose ,W,4263,Individuals,4263 i,5 year peak mean 1998/9-2002/3,International population (Wintering),1.77625,N,643030,321077.5
7000089,Broadland,UK11010,E,Classified/designatd,nationally important,118,Rallus aquaticus (Europe),Water rail ,W,23,Individuals,23 i,5 year peak mean 1998/9-2002/3,Nationally important population (GB wintering),5.11111111111111,N,643030,321077.5
7000089,Broadland,UK11010,E,Classified/designatd,nationally important,081,Circus aeruginosus,Eurasian marsh harrier ,B,16,Pairs,16 p,5 year mean 1987/8-1991/2,Nationally important population (GB breeding),10.5960264900662,N,643030,321077.5
7000089,Broadland,UK11010,E,Classified/designatd,nationally important,082,Circus cyaneus,Hen harrier,W,22,Individuals,22 i,5 year peak mean 1987/8-1991/2,Nationally important population (GB wintering),2.93333333333333,N,643030,321077.5
7000089,Broadland,UK11010,E,Classified/designatd,internationally important,037,Cygnus columbianus bewickii (Western Siberia/North-eastern & North-western Europe),Tundra swan ,W,196,Individuals,196 i,5 year peak mean 1998/9-2002/3,Nationally important population (GB wintering),2.42874845105328,N,643030,321077.5
7000061,Burry Inlet,UK14001,W,Classified/designatd,internationally important,056,Anas clypeata (North-western/Central Europe),Northern shoveler ,W,467,Individuals,467 i,5 year peak mean 1998/9-2002/3,International population (Wintering),1.1675,N,249405,196717
7000061,Burry Inlet,UK14001,W,Classified/designatd,nationally important,164,Tringa nebularia (Europe/Western Africa),Common greenshank ,P,47,Individuals,47 i,5 year peak mean 1998/9-2002/3,Nationally important population (GB passage),7.87269681742044,N,249405,196717
7000061,Burry Inlet,UK14001,W,Classified/designatd,internationally important,162,Tringa totanus (Eastern Atlantic - wintering),Common redshank ,P,857,Individuals,857 i,5 year peak mean 1998/9-2002/3,Nationally important population (GB passage),0.738156761412575,N,249405,196717
7000061,Burry Inlet,UK14001,W,Classified/designatd,nationally important,160,Numenius arquata (Europe - breeding),Eurasian curlew ,P,2231,Individuals,2231 i,5 year peak mean 1998/9-2002/3,Nationally important population (GB passage),1.51665533650578,N,249405,196717
7000061,Burry Inlet,UK14001,W,Classified/designatd,nationally important,149,Calidris alpina alpina (Northern Siberia/Europe/Western Africa),Dunlin ,W,6758,Individuals,6758 i,5 year peak mean 1998/9-2002/3,Nationally important population (GB wintering),1.21590500179921,N,249405,196717
7000061,Burry Inlet,UK14001,W,Classified/designatd,internationally important,143,Calidris canutus (North-eastern Canada/Greenland/Iceland/North-western Europe),Red knot ,W,3618,Individuals,3618 i,5 year peak mean 1998/9-2002/3,Nationally important population (GB wintering),1.2,N,249405,196717
7000061,Burry Inlet,UK14001,W,Classified/designatd,internationally important,WATR,Waterfowl assemblage,Waterfowl assemblage,W,41655,Individuals,41655 i,5 year peak mean 1998/9-2002/3,Waterfowl assemblage - wintering,,N,249405,196717
7000061,Burry Inlet,UK14001,W,Classified/designatd,internationally important,130,Haematopus ostralegus (Europe & Northern/Western Africa),Eurasian oystercatcher ,W,14861,Individuals,14861 i,5 year peak mean 1998/9-2002/3,International population (Wintering),1.45696078431373,N,249405,196717
7000061,Burry Inlet,UK14001,W,Classified/designatd,nationally important,161,Tringa erythropus (Europe/Western Africa),Spotted redshank ,W,15,Individuals,15 i,5 year peak mean 1998/9-2002/3,Nationally important population (GB wintering),11.0294117647059,N,249405,196717
7000061,Burry Inlet,UK14001,W,Classified/designatd,internationally important,054,Anas acuta (North-western Europe),Northern pintail ,W,2687,Individuals,2687 i,5 year peak mean 1998/9-2002/3,International population (Wintering),4.47833333333333,N,249405,196717
7000061,Burry Inlet,UK14001,W,Classified/designatd,nationally important,048,Tadorna tadorna (North-western Europe),Common shelduck ,W,1093,Individuals,1093 i,5 year peak mean 1998/9-2002/3,Nationally important population (GB wintering),1.39769820971867,N,249405,196717
7000061,Burry Inlet,UK14001,W,Classified/designatd,nationally important,046a,Branta bernicla bernicla (Western Siberia/Western Europe),Dark-bellied brent goose,W,1097,Individuals,1097 i,5 year peak mean 1998/9-2002/3,Nationally important population (GB wintering),1.11824668705403,N,249405,196717
7000061,Burry Inlet,UK14001,W,Classified/designatd,nationally important,026,Egretta garzetta (Sub-Saharan Africa - breeding),Little egret ,P,63,Individuals,63 i,5 year peak mean 1998/9-2002/3,Nationally important population (GB passage),3.81818181818182,N,249405,196717
7000061,Burry Inlet,UK14001,W,Classified/designatd,nationally important,141,Pluvialis squatarola (Eastern Atlantic - wintering),Grey plover ,W,530,Individuals,530 i,5 year peak mean 1998/9-2002/3,Nationally important population (GB wintering),1.00473933649289,N,249405,196717
7000061,Burry Inlet,UK14001,W,Classified/designatd,nationally important,158,Numenius phaeopus (Europe/Western Africa),Whimbrel ,P,241,Individuals,241 i,5 year peak mean 1998/9-2002/3 - spring peak,Nationally important population (GB passage),8.03333333333334,N,249405,196717
7000160,Caithness and Sutherland Peatlands,UK13003,S,Classified/designatd,nationally important,082,Circus cyaneus,Hen harrier,B,14,Pairs,14 p,"Count, as at mid 1990s",Nationally important population (GB breeding),2.89855072463768,N,286571.7,940216.9
7000160,Caithness and Sutherland Peatlands,UK13003,S,Classified/designatd,nationally important,222,Asio flammeus,Short-eared owl ,B,30,Pairs,30 p,"Count, as at mid 1990s",Nationally important population (GB breeding),3,N,286571.7,940216.9
7000160,Caithness and Sutherland Peatlands,UK13003,S,Classified/designatd,nationally important,173,Stercorarius parasiticus (North Atlantic),Arctic skua ,B,39,,39 t,Seabird 2000 Census,Nationally important population (GB breeding),1.82584269662921,N,286571.7,940216.9
7000160,Caithness and Sutherland Peatlands,UK13003,S,Classified/designatd,nationally important,091,Aquila chrysaetos,Golden eagle ,B,5,Pairs,5 p,"Count, as at 1992",Nationally important population (GB breeding),1.25,N,286571.7,940216.9
7000160,Caithness and Sutherland Peatlands,UK13003,S,Classified/designatd,nationally important,052,Anas crecca (North-western Europe),Eurasian teal ,B,106,Pairs,106 p,"Count, as at mid 1990s",Nationally important population (GB breeding),7.06666666666667,N,286571.7,940216.9
7000160,Caithness and Sutherland Peatlands,UK13003,S,Classified/designatd,internationally important,466,Calidris alpina schinzii (Baltic/UK/Ireland),Dunlin ,B,1860,Pairs,1860 p,"Count, as at mid-1990s",International population (Breeding),7.4,N,286571.7,940216.9
7000160,Caithness and Sutherland Peatlands,UK13003,S,Classified/designatd,nationally important,160,Numenius arquata (Europe - breeding),Eurasian curlew ,B,517,Pairs,517 p,"Count, as at mid 1990s",Nationally important population (GB breeding),1.56666666666667,N,286571.7,940216.9
7000160,Caithness and Sutherland Peatlands,UK13003,S,Classified/designatd,nationally important,164,Tringa nebularia (Europe/Western Africa),Common greenshank ,B,256,Pairs,256 p,"Count, as at mid 1990s",Nationally important population (GB breeding),23.7037037037037,N,286571.7,940216.9
7000160,Caithness and Sutherland Peatlands,UK13003,S,Classified/designatd,nationally important,166,Tringa glareola (Europe- breeding),Wood sandpiper ,B,5,Pairs,<5 p,"Count, as at mid 1990s",Nationally important population (GB breeding),100,N,286571.7,940216.9
7000160,Caithness and Sutherland Peatlands,UK13003,S,Classified/designatd,internationally important,043b,Anser anser [North-western Scotland],Greylag goose ,B,30,Pairs,30 p,"Count, as at mid-1990s",International population (Breeding),,N,286571.7,940216.9
7000160,Caithness and Sutherland Peatlands,UK13003,S,Classified/designatd,nationally important,001,Gavia stellata (North-western Europe - wintering),Red-throated diver ,B,89,Pairs,89 p,"Count, as at mid 1990s",Nationally important population (GB breeding),9.51871657754011,N,286571.7,940216.9
7000160,Caithness and Sutherland Peatlands,UK13003,S,Classified/designatd,nationally important,050,Anas penelope (Western Siberia/North-western/North-eastern Europe),Eurasian wigeon ,B,43,Pairs,43 p,"Count, as at mid 1990s",Nationally important population (GB breeding),14.3333333333333,N,286571.7,940216.9
7000160,Caithness and Sutherland Peatlands,UK13003,S,Classified/designatd,nationally important,140,Pluvialis apricaria [North-western Europe - breeding],European golden plover ,B,1064,Pairs,1064 p,"Count, as at mid 1990s",Nationally important population (GB breeding),4.70796460176991,N,286571.7,940216.9
7000160,Caithness and Sutherland Peatlands,UK13003,S,Classified/designatd,nationally important,065,Melanitta nigra (Western Siberia/Western & Northern Europe/North-western Africa),Black (common) scoter ,B,27,Pairs,27 p,"Count, as at mid 1990s",Nationally important population (GB breeding),28.4210526315789,N,286571.7,940216.9
7000160,Caithness and Sutherland Peatlands,UK13003,S,Classified/designatd,internationally important,043b,Anser anser [North-western Scotland],Greylag goose ,B,30,Pairs,30 p,"Count, as at mid-1990s",Nationally important population (GB breeding),5,N,286571.7,940216.9
7000160,Caithness and Sutherland Peatlands,UK13003,S,Classified/designatd,nationally important,098,Falco columbarius,Merlin ,B,54,Pairs,54 p,"Count, as at mid 1990s",Nationally important population (GB breeding),4.15384615384615,N,286571.7,940216.9
7000160,Caithness and Sutherland Peatlands,UK13003,S,Classified/designatd,nationally important,002,Gavia arctica (Western Siberia/Europe),Black-throated diver ,B,25,Pairs,25 p,1995-2004,Nationally important population (GB breeding),16.1290322580645,N,286571.7,940216.9
7000135,Caithness Lochs,UK13004,S,Classified/designatd,nationally important,151,Philomachus pugnax (Western Africa - wintering),Ruff ,P,22,Individuals,22 i,5 year peak mean 1998/9-2002/3,Nationally important population (GB passage),3.14285714285714,N,307200,960200
7000135,Caithness Lochs,UK13004,S,Classified/designatd,internationally important,043a,Anser anser [Iceland/UK/Ireland],Greylag goose ,W,8730,Individuals,8730 i,5 year peak mean for 1996/7-2000/01,International population (Wintering),9.7979797979798,N,307200,960200
7000135,Caithness Lochs,UK13004,S,Classified/designatd,internationally important,038,Cygnus cygnus (Iceland/UK/Ireland),Whooper swan ,W,192,Individuals,192 i,5 year peak mean 1998/9-2002/3,Nationally important population (GB wintering),3.35664335664336,N,307200,960200
7000135,Caithness Lochs,UK13004,S,Classified/designatd,internationally important,395,Anser albifrons flavirostris (Greenland/Ireland/UK),Greenland white-fronted goose,W,252,Individuals,252 i,5 year peak mean for 1996/7-2000/01,Nationally important population (GB wintering),1.20574162679426,N,307200,960200
7000080,Cameron Reservoir,UK13005,S,Classified/designatd,internationally important,040,Anser brachyrhynchus (Eastern Greenland/Iceland/UK),Pink-footed goose ,W,5626,Individuals,5626 i,5 year peak mean 1998/9-2002/3,International population (Wintering),2.34416666666667,N,347174,711216
7000137,Carlingford Lough,UK12004,NI,Classified/designatd,internationally important,046b,Branta bernicla hrota [Canada/Ireland],Light-bellied brent goose,W,300,Individuals,300 i,5 year peak mean (1998/9-2002/3),International population (Wintering),1.5,N,130545.9044,469472.9604
7000137,Carlingford Lough,UK12004,NI,Classified/designatd,internationally important,191,Sterna sandvicensis (Western Europe/Western Africa),Sandwich tern ,B,650,,650 n,Seabird 2000 Census,International population (Breeding),0.76,N,130545.9044,469472.9604
7000137,Carlingford Lough,UK12004,NI,Classified/designatd,nationally important,193,Sterna hirundo (Northern/Eastern Europe - breeding),Common tern ,B,509,,509 n,Seabird 2000 Census,Nationally important population (all Ireland breeding),16.4193548387097,N,130545.9044,469472.9604
7000111,"Castle Loch, Lochmaben",UK13006,S,Classified/designatd,internationally important,040,Anser brachyrhynchus (Eastern Greenland/Iceland/UK),Pink-footed goose ,W,22,Individuals,22 i,5 year peak mean 1998/9-2002/3,Nationally important population (GB wintering),9.12863070539419E-03,N,308839,581475
7000029,Chesil Beach and The Fleet,UK11012,E,Classified/designatd,nationally important,069,Mergus serrator (North-western/Central Europe),Red-breasted merganser ,W,270,Individuals,270 i,5 year peak mean 1998/9-2002/3,Nationally important population (GB wintering),2.74390243902439,N,363241.4,79261.69
7000029,Chesil Beach and The Fleet,UK11012,E,Classified/designatd,internationally important,046a,Branta bernicla bernicla (Western Siberia/Western Europe),Dark-bellied brent goose,W,1460,Individuals,1460 i,5 year peak mean 1998/9-2002/3,Nationally important population (GB wintering),1.48827726809378,N,363241.4,79261.69
7000029,Chesil Beach and The Fleet,UK11012,E,Classified/designatd,nationally important,125,Fulica atra (North-western Europe - wintering),Common coot ,W,2139,Individuals,2139 i,5 year peak mean 1998/9-2002/3,Nationally important population (GB wintering),1.2364161849711,N,363241.4,79261.69
7000029,Chesil Beach and The Fleet,UK11012,E,Classified/designatd,nationally important,164,Tringa nebularia (Europe/Western Africa),Common greenshank ,P,6,Individuals,6 i,5 year peak mean 1998/9-2002/3,Nationally important population (GB passage),1.00502512562814,N,363241.4,79261.69
7000029,Chesil Beach and The Fleet,UK11012,E,Classified/designatd,internationally important,036,Cygnus olor (Britain),Mute swan ,W,1169,Individuals,1169 i,5 year peak mean 1998/9-2002/3,International population (Wintering),3.11733333333333,N,363241.4,79261.69
7000029,Chesil Beach and The Fleet,UK11012,E,Classified/designatd,nationally important,195,Sterna albifrons (Eastern Atlantic - breeding),Little tern ,B,81,,81 n,Seabird 2000 Census,Nationally important population (GB breeding),4.16024653312789,N,363241.4,79261.69
7000029,Chesil Beach and The Fleet,UK11012,E,Classified/designatd,nationally important,026,Egretta garzetta (Sub-Saharan Africa - breeding),Little egret ,W,24,Individuals,24 i,5 year peak mean 1998/9-2002/3,Nationally important population (GB wintering),1.45454545454545,N,363241.4,79261.69
7000029,Chesil Beach and The Fleet,UK11012,E,Classified/designatd,nationally important,059,Aythya ferina (North-western/North-eastern Europe),Common pochard ,W,659,Individuals,659 i,5 year peak mean 1998/9-2002/3,Nationally important population (GB wintering),1.10756302521008,N,363241.4,79261.69
7000039,Chichester and Langstone Harbours,UK11013,E,Classified/designatd,internationally important,048,Tadorna tadorna (North-western Europe),Common shelduck ,W,1468,Individuals,1468 i,5 year peak mean 1998/9-2002/3,Nationally important population (GB wintering),1.8772378516624,N,476088.1,101384.2
7000039,Chichester and Langstone Harbours,UK11013,E,Classified/designatd,nationally important,161,Tringa erythropus (Europe/Western Africa),Spotted redshank ,P,6,Individuals,6 i,5 year peak mean 1998/9-2002/3,Nationally important population (GB passage),4.41176470588235,N,476088.1,101384.2
7000039,Chichester and Langstone Harbours,UK11013,E,Classified/designatd,nationally important,157,Limosa lapponica (Western Palearctic - wintering),Bar-tailed godwit ,W,1189,Individuals,1189 i,5 year peak mean 1998/9-2002/3,Nationally important population (GB wintering),1.93050819938302,N,476088.1,101384.2
7000039,Chichester and Langstone Harbours,UK11013,E,Classified/designatd,nationally important,158,Numenius phaeopus (Europe/Western Africa),Whimbrel ,P,192,Individuals,192 i,5 year peak mean 1998/9-2002/3 - spring peak,Nationally important population (GB passage),6.4,N,476088.1,101384.2
7000039,Chichester and Langstone Harbours,UK11013,E,Classified/designatd,internationally important,162,Tringa totanus (Eastern Atlantic - wintering),Common redshank ,P,2577,Individuals,2577 i,5 year peak mean 1998/9-2002/3,International population (passage),1.0308,N,476088.1,101384.2
7000039,Chichester and Langstone Harbours,UK11013,E,Classified/designatd,nationally important,004,Tachybaptus ruficollis (Western Palearctic),Little grebe ,W,131,Individuals,131 i,5 year peak mean 1998/9-2002/3,Nationally important population (GB wintering),1.68597168597169,N,476088.1,101384.2
7000039,Chichester and Langstone Harbours,UK11013,E,Classified/designatd,nationally important,008,Podiceps nigricollis (Western Palearctic),Black-necked grebe ,W,14,Individuals,14 i,5 year peak mean 1998/9-2002/3,Nationally important population (GB wintering),11.6666666666667,N,476088.1,101384.2
7000039,Chichester and Langstone Harbours,UK11013,E,Classified/designatd,nationally important,021,Botaurus stellaris (Europe - breeding),Great bittern ,W,1,Individuals,1 i,5 year peak mean 1998/9-2002/3,Nationally important population (GB wintering),1,N,476088.1,101384.2
7000039,Chichester and Langstone Harbours,UK11013,E,Classified/designatd,nationally important,169,Arenaria interpres (Western Palearctic - wintering),Ruddy turnstone ,P,569,Individuals,569 i,5 year peak mean 1998/9-2002/3,Nationally important population (GB passage),1.14833501513623,N,476088.1,101384.2
7000039,Chichester and Langstone Harbours,UK11013,E,Classified/designatd,internationally important,046a,Branta bernicla bernicla (Western Siberia/Western Europe),Dark-bellied brent goose,W,12987,Individuals,12987 i,5 year peak mean 1998/9-2002/3,International population (Wintering),6.04046511627907,N,476088.1,101384.2
7000039,Chichester and Langstone Harbours,UK11013,E,Classified/designatd,internationally important,WATR,Waterfowl assemblage,Waterfowl assemblage,W,76480,Individuals,76480 i,5 year peak mean 1998/9-2002/3,Waterfowl assemblage - wintering,,N,476088.1,101384.2
7000039,Chichester and Langstone Harbours,UK11013,E,Classified/designatd,nationally important,052,Anas crecca (North-western Europe),Eurasian teal ,W,2226,Individuals,2226 i,5 year peak mean 1998/9-2002/3,Nationally important population (GB wintering),1.159375,N,476088.1,101384.2
7000039,Chichester and Langstone Harbours,UK11013,E,Classified/designatd,nationally important,069,Mergus serrator (North-western/Central Europe),Red-breasted merganser ,W,306,Individuals,306 i,5 year peak mean 1998/9-2002/3,Nationally important population (GB wintering),3.10975609756098,N,476088.1,101384.2
7000039,Chichester and Langstone Harbours,UK11013,E,Classified/designatd,nationally important,118,Rallus aquaticus (Europe),Water rail ,W,12,Individuals,12 i,5 year peak mean 1998/9-2002/3,Nationally important population (GB wintering),2.66666666666667,N,476088.1,101384.2
7000039,Chichester and Langstone Harbours,UK11013,E,Classified/designatd,nationally important,130,Haematopus ostralegus (Europe & Northern/Western Africa),Eurasian oystercatcher ,P,3403,Individuals,3403 i,5 year peak mean 1998/9-2002/3,Nationally important population (GB passage),1.07963197969543,N,476088.1,101384.2
7000039,Chichester and Langstone Harbours,UK11013,E,Classified/designatd,internationally important,137,Charadrius hiaticula (Europe/Northern Africa - wintering),Ringed plover ,P,853,Individuals,853 i,5 year peak mean 1998/9-2002/3,International population (passage),1.16849315068493,N,476088.1,101384.2
7000039,Chichester and Langstone Harbours,UK11013,E,Classified/designatd,internationally important,141,Pluvialis squatarola (Eastern Atlantic - wintering),Grey plover ,W,3043,Individuals,3043 i,5 year peak mean 1998/9-2002/3,International population (Wintering),1.23198380566802,N,476088.1,101384.2
7000039,Chichester and Langstone Harbours,UK11013,E,Classified/designatd,internationally important,149,Calidris alpina alpina (Northern Siberia/Europe/Western Africa),Dunlin ,W,33436,Individuals,33436 i,5 year peak mean 1998/9-2002/3,International population (Wintering),2.51398496240602,N,476088.1,101384.2
7000039,Chichester and Langstone Harbours,UK11013,E,Classified/designatd,internationally important,156,Limosa limosa islandica (Iceland - breeding),Black-tailed godwit ,P,906,Individuals,906 i,5 year peak mean 1998/9-2002/3,International population (passage),2.58857142857143,N,476088.1,101384.2
7000039,Chichester and Langstone Harbours,UK11013,E,Classified/designatd,nationally important,026,Egretta garzetta (Sub-Saharan Africa - breeding),Little egret ,P,224,Individuals,224 i,5 year peak mean 1998/9-2002/3,Nationally important population (GB passage),13.5757575757576,N,476088.1,101384.2
7000039,Chichester and Langstone Harbours,UK11013,E,Classified/designatd,nationally important,164,Tringa nebularia (Europe/Western Africa),Common greenshank ,P,215,Individuals,215 i,5 year peak mean 1998/9-2002/3,Nationally important population (GB passage),36.0134003350084,N,476088.1,101384.2
7000039,Chichester and Langstone Harbours,UK11013,E,Classified/designatd,nationally important,160,Numenius arquata (Europe - breeding),Eurasian curlew ,P,3108,Individuals,3108 i,5 year peak mean 1998/9-2002/3,Nationally important population (GB passage),2.11284840244732,N,476088.1,101384.2
7000039,Chichester and Langstone Harbours,UK11013,E,Classified/designatd,nationally important,176,Larus melanocephalus,Mediterranean gull ,B,47,,47 n,Seabird 2000 Census,Nationally important population (GB breeding),43.5185185185185,N,476088.1,101384.2
7000039,Chichester and Langstone Harbours,UK11013,E,Classified/designatd,nationally important,179,Larus ridibundus (North-western Europe - breeding),Black-headed gull ,B,3180,,3180 n,Seabird 2000 Census,Nationally important population (GB breeding),2.48618136614884,N,476088.1,101384.2
7000039,Chichester and Langstone Harbours,UK11013,E,Classified/designatd,nationally important,193,Sterna hirundo (Northern/Eastern Europe - breeding),Common tern ,B,127,,127 n,Seabird 2000 Census,Nationally important population (GB breeding),1.25320702585356,N,476088.1,101384.2
7000039,Chichester and Langstone Harbours,UK11013,E,Classified/designatd,internationally important,195,Sterna albifrons (Eastern Atlantic - breeding),Little tern ,B,130,,130 n,Seabird 2000 Census,International population (Breeding),1.13289760348584,N,476088.1,101384.2
7000096,Coll,UK13008,S,Classified/designatd,internationally important,045a,Branta leucopsis [Eastern Greenland/Scotland/Ireland],Barnacle goose ,W,711,Individuals,711 i,5 year peak mean for 1996/7-2000/01,International population (Wintering),1.31423290203327,N,124298,760523
7000096,Coll,UK13008,S,Classified/designatd,internationally important,395,Anser albifrons flavirostris (Greenland/Ireland/UK),Greenland white-fronted goose,W,991,Individuals,991 i,5 year peak mean for 1996/7-2000/01,International population (Wintering),3.67037037037037,N,124298,760523
7000087,Colne Estuary (Mid-Essex Coast Phase 2),UK11015,E,Classified/designatd,nationally important,048,Tadorna tadorna (North-western Europe),Common shelduck ,W,840,Individuals,840 i,5 year peak mean 1998/9-2002/3,Nationally important population (GB wintering),1.07416879795396,N,604008.2,217224.9
7000087,Colne Estuary (Mid-Essex Coast Phase 2),UK11015,E,Classified/designatd,internationally important,162,Tringa totanus (Eastern Atlantic - wintering),Common redshank ,W,1624,Individuals,1624 i,5 year peak mean 1998/9-2002/3,Nationally important population (GB wintering),1.39879414298019,N,604008.2,217224.9
7000087,Colne Estuary (Mid-Essex Coast Phase 2),UK11015,E,Classified/designatd,nationally important,161,Tringa erythropus (Europe/Western Africa),Spotted redshank ,P,3,Individuals,3 i,5 year peak mean 1998/9-2002/3,Nationally important population (GB passage),2.20588235294118,N,604008.2,217224.9
7000087,Colne Estuary (Mid-Essex Coast Phase 2),UK11015,E,Classified/designatd,internationally important,156,Limosa limosa islandica (Iceland - breeding),Black-tailed godwit ,W,402,Individuals,402 i,5 year peak mean 1998/9-2002/3,International population (Wintering),1.14857142857143,N,604008.2,217224.9
7000087,Colne Estuary (Mid-Essex Coast Phase 2),UK11015,E,Classified/designatd,nationally important,149,Calidris alpina alpina (Northern Siberia/Europe/Western Africa),Dunlin ,W,7939,Individuals,7939 i,5 year peak mean 1998/9-2002/3,Nationally important population (GB wintering),1.4283915077366,N,604008.2,217224.9
7000087,Colne Estuary (Mid-Essex Coast Phase 2),UK11015,E,Classified/designatd,nationally important,141,Pluvialis squatarola (Eastern Atlantic - wintering),Grey plover ,W,1124,Individuals,1124 i,5 year peak mean 1998/9-2002/3,Nationally important population (GB wintering),2.13080568720379,N,604008.2,217224.9
7000087,Colne Estuary (Mid-Essex Coast Phase 2),UK11015,E,Classified/designatd,nationally important,140,Pluvialis apricaria [North-western Europe - breeding],European golden plover ,W,3665,Individuals,3665 i,5 year peak mean 1998/9-2002/3,Nationally important population (GB wintering),1.466,N,604008.2,217224.9
7000087,Colne Estuary (Mid-Essex Coast Phase 2),UK11015,E,Classified/designatd,nationally important,137,Charadrius hiaticula (Europe/Northern Africa - wintering),Ringed plover ,P,361,Individuals,361 i,5 year peak mean 1998/9-2002/3,Nationally important population (GB passage),1.11248073959938,N,604008.2,217224.9
7000087,Colne Estuary (Mid-Essex Coast Phase 2),UK11015,E,Classified/designatd,nationally important,026,Egretta garzetta (Sub-Saharan Africa - breeding),Little egret ,W,20,Individuals,20 i,5 year peak mean 1998/9-2002/3,Nationally important population (GB wintering),1.21212121212121,N,604008.2,217224.9
7000087,Colne Estuary (Mid-Essex Coast Phase 2),UK11015,E,Classified/designatd,nationally important,118,Rallus aquaticus (Europe),Water rail ,W,5,Individuals,5 i,5 year peak mean 1998/9-2002/3,Nationally important population (GB wintering),1.11111111111111,N,604008.2,217224.9
7000087,Colne Estuary (Mid-Essex Coast Phase 2),UK11015,E,Classified/designatd,nationally important,176,Larus melanocephalus,Mediterranean gull ,B,2,,2 n,Seabird 2000 Census,Nationally important population (GB breeding),1.85185185185185,N,604008.2,217224.9
7000087,Colne Estuary (Mid-Essex Coast Phase 2),UK11015,E,Classified/designatd,internationally important,046a,Branta bernicla bernicla (Western Siberia/Western Europe),Dark-bellied brent goose,W,3165,Individuals,3165 i,5 year peak mean 1998/9-2002/3,International population (Wintering),1.47209302325581,N,604008.2,217224.9
7000087,Colne Estuary (Mid-Essex Coast Phase 2),UK11015,E,Classified/designatd,internationally important,WATR,Waterfowl assemblage,Waterfowl assemblage,W,32041,Individuals,32041 i,5 year peak mean 1998/9-2002/3,Waterfowl assemblage - wintering,,N,604008.2,217224.9
7000087,Colne Estuary (Mid-Essex Coast Phase 2),UK11015,E,Classified/designatd,nationally important,195,Sterna albifrons (Eastern Atlantic - breeding),Little tern ,B,20,,20 n,Seabird 2000 Census,Nationally important population (GB breeding),1.02722136620442,N,604008.2,217224.9
7000087,Colne Estuary (Mid-Essex Coast Phase 2),UK11015,E,Classified/designatd,nationally important,179,Larus ridibundus (North-western Europe - breeding),Black-headed gull ,B,2300,,2300 n,Seabird 2000 Census,Nationally important population (GB breeding),1.79818149123973,N,604008.2,217224.9
7000087,Colne Estuary (Mid-Essex Coast Phase 2),UK11015,E,Classified/designatd,nationally important,082,Circus cyaneus,Hen harrier,W,19,Individuals,<19 i,5 year mean 1987-1991,Nationally important population (GB wintering),2.53333333333333,N,604008.2,217224.9
7000087,Colne Estuary (Mid-Essex Coast Phase 2),UK11015,E,Classified/designatd,nationally important,132,Recurvirostra avosetta (Western Europe/Western Mediterranean - breeding),Pied avocet ,W,376,Individuals,376 i,5 year peak mean 1998/9-2002/3,Nationally important population (GB wintering),11.0751104565538,N,604008.2,217224.9
7000064,Cors Caron,UK14003,W,Classified/designatd,internationally important,038,Cygnus cygnus (Iceland/UK/Ireland),Whooper swan ,W,9,Individuals,9 i,5 year peak mean 1998/9-2002/3,Nationally important population (GB wintering),0.157342657342657,N,269191,264154
7000001,Cors Fochno and Dyfi,UK14004,W,Classified/designatd,nationally important,164,Tringa nebularia (Europe/Western Africa),Common greenshank ,P,8,Individuals,8 i,5 year peak mean 1998/9-2002/3,Nationally important population (GB passage),1.34003350083752,N,264696,295442
7000161,Cromarty Firth,UK13009,S,Classified/designatd,internationally important,157,Limosa lapponica (Western Palearctic - wintering),Bar-tailed godwit ,W,1753,Individuals,1753 i,5 year peak mean 1998/9-2002/3,International population (Wintering),1.46083333333333,N,271259,867902
7000161,Cromarty Firth,UK13009,S,Classified/designatd,nationally important,143,Calidris canutus (North-eastern Canada/Greenland/Iceland/North-western Europe),Red knot ,W,3327,Individuals,3327 i,5 year peak mean 1998/9-2002/3,Nationally important population (GB wintering),1.17313117066291,N,271259,867902
7000161,Cromarty Firth,UK13009,S,Classified/designatd,nationally important,062,Aythya marila (Northern/Western Europe),Greater scaup ,W,225,Individuals,225 i,5 year peak mean 1998/9-2002/3,Nationally important population (GB wintering),2.97619047619048,N,271259,867902
7000161,Cromarty Firth,UK13009,S,Classified/designatd,nationally important,050,Anas penelope (Western Siberia/North-western/North-eastern Europe),Eurasian wigeon ,P,10662,Individuals,10662 i,5 year peak mean 1998/9-2002/3,Nationally important population (GB passage),2.62610837438424,N,271259,867902
7000161,Cromarty Firth,UK13009,S,Classified/designatd,internationally important,043a,Anser anser [Iceland/UK/Ireland],Greylag goose ,W,1508,Individuals,1508 i,5 year peak mean for 1995/6-1999/2000,International population (Wintering),1.69248035914703,N,271259,867902
7000161,Cromarty Firth,UK13009,S,Classified/designatd,nationally important,007,Podiceps auritus (North-western Europe),Slavonian grebe ,W,20,Individuals,20 i,5 year peak mean 1998/9-2002/3,Nationally important population (GB wintering),2.75862068965517,N,271259,867902
7000161,Cromarty Firth,UK13009,S,Classified/designatd,nationally important,193,Sterna hirundo (Northern/Eastern Europe - breeding),Common tern ,B,413,,413 n,Seabird 2000 Census,Nationally important population (GB breeding),4.07538977698836,N,271259,867902
7000161,Cromarty Firth,UK13009,S,Classified/designatd,nationally important,162,Tringa totanus (Eastern Atlantic - wintering),Common redshank ,P,1643,Individuals,1643 i,5 year peak mean 1998/9-2002/3,Nationally important population (GB passage),1.4151593453919,N,271259,867902
7000161,Cromarty Firth,UK13009,S,Classified/designatd,nationally important,094,Pandion haliaetus,Osprey ,B,2,Pairs,>2 p,5 year mean 1992-1996,Nationally important population (GB breeding),1.5748031496063,N,271259,867902
7000161,Cromarty Firth,UK13009,S,Classified/designatd,internationally important,WATR,Waterfowl assemblage,Waterfowl assemblage,W,30200,Individuals,30200 i,5 year peak mean 1992/93 to 1996/97,Waterfowl assemblage - wintering,,N,271259,867902
7000094,Crouch and Roach Estuaries (Mid-Essex Coast Phase 3),UK11058,E,Classified/designatd,nationally important,026,Egretta garzetta (Sub-Saharan Africa - breeding),Little egret ,P,17,Individuals,17 i,5 year peak mean 1998/9-2002/3,Nationally important population (GB passage),1.03030303030303,N,588091.9,196987.9
7000094,Crouch and Roach Estuaries (Mid-Essex Coast Phase 3),UK11058,E,Classified/designatd,internationally important,046a,Branta bernicla bernicla (Western Siberia/Western Europe),Dark-bellied brent goose,W,2103,Individuals,2103 i,5 year peak mean 1998/9-2002/3,Nationally important population (GB wintering),2.14373088685015,N,588091.9,196987.9
7000094,Crouch and Roach Estuaries (Mid-Essex Coast Phase 3),UK11058,E,Classified/designatd,nationally important,151,Philomachus pugnax (Western Africa - wintering),Ruff ,P,13,Individuals,13 i,5 year peak mean 1998/9-2002/3,Nationally important population (GB passage),1.85714285714286,N,588091.9,196987.9
7000094,Crouch and Roach Estuaries (Mid-Essex Coast Phase 3),UK11058,E,Classified/designatd,nationally important,164,Tringa nebularia (Europe/Western Africa),Common greenshank ,P,23,Individuals,23 i,5 year peak mean 1998/9-2002/3,Nationally important population (GB passage),3.85259631490787,N,588091.9,196987.9
7000094,Crouch and Roach Estuaries (Mid-Essex Coast Phase 3),UK11058,E,Classified/designatd,nationally important,156,Limosa limosa islandica (Iceland - breeding),Black-tailed godwit ,W,163,Individuals,163 i,5 year peak mean 1998/9-2002/3,Nationally important population (GB wintering),1.05912930474334,N,588091.9,196987.9
7000094,Crouch and Roach Estuaries (Mid-Essex Coast Phase 3),UK11058,E,Classified/designatd,nationally important,158,Numenius phaeopus (Europe/Western Africa),Whimbrel ,P,40,Individuals,40 i,5 year peak mean 1998/9-2002/3 - spring peak,Nationally important population (GB passage),1.33333333333333,N,588091.9,196987.9
7000094,Crouch and Roach Estuaries (Mid-Essex Coast Phase 3),UK11058,E,Classified/designatd,internationally important,WATR,Waterfowl assemblage,Waterfowl assemblage,W,16970,Individuals,16970 i,5-year peak mean1998/99-2002/03,Waterfowl assemblage - wintering,,N,588091.9,196987.9
7000094,Crouch and Roach Estuaries (Mid-Essex Coast Phase 3),UK11058,E,Classified/designatd,nationally important,161,Tringa erythropus (Europe/Western Africa),Spotted redshank ,P,5,Individuals,5 i,5 year peak mean 1998/9-2002/3,Nationally important population (GB passage),3.67647058823529,N,588091.9,196987.9
7000094,Crouch and Roach Estuaries (Mid-Essex Coast Phase 3),UK11058,E,Classified/designatd,nationally important,082,Circus cyaneus,Hen harrier,W,19,Individuals,<19 i,5 year mean 1987-1991,Nationally important population (GB wintering),2.53333333333333,N,588091.9,196987.9
7000109,Deben Estuary,UK11017,E,Classified/designatd,nationally important,164,Tringa nebularia (Europe/Western Africa),Common greenshank ,P,22,Individuals,22 i,5 year peak mean 1998/9-2002/3,Nationally important population (GB passage),3.68509212730318,N,629423.2,243514
7000109,Deben Estuary,UK11017,E,Classified/designatd,internationally important,046a,Branta bernicla bernicla (Western Siberia/Western Europe),Dark-bellied brent goose,W,1953,Individuals,1953 i,5 year peak mean 1998/9-2002/3,Nationally important population (GB wintering),1.99082568807339,N,629423.2,243514
7000109,Deben Estuary,UK11017,E,Classified/designatd,nationally important,039,Anser fabalis,Bean goose ,W,5,Individuals,5 i,,Nationally important population (GB wintering),1.25,N,629423.2,243514
7000109,Deben Estuary,UK11017,E,Classified/designatd,nationally important,132,Recurvirostra avosetta (Western Europe/Western Mediterranean - breeding),Pied avocet ,W,167,Individuals,167 i,5 year peak mean 1998/9-2002/3,Nationally important population (GB wintering),4.91899852724595,N,629423.2,243514
7000109,Deben Estuary,UK11017,E,Classified/designatd,nationally important,156,Limosa limosa islandica (Iceland - breeding),Black-tailed godwit ,P,307,Individuals,307 i,5 year peak mean 1998/9-2002/3,Nationally important population (GB passage),1.99480181936322,N,629423.2,243514
7000109,Deben Estuary,UK11017,E,Classified/designatd,nationally important,161,Tringa erythropus (Europe/Western Africa),Spotted redshank ,W,3,Individuals,3 i,5 year peak mean 1998/9-2002/3,Nationally important population (GB wintering),2.20588235294118,N,629423.2,243514
7000109,Deben Estuary,UK11017,E,Classified/designatd,nationally important,162,Tringa totanus (Eastern Atlantic - wintering),Common redshank ,W,2124,Individuals,2124 i,5 year peak mean 1998/9-2002/3,Nationally important population (GB wintering),1.82945736434109,N,629423.2,243514
7000109,Deben Estuary,UK11017,E,Classified/designatd,nationally important,048,Tadorna tadorna (North-western Europe),Common shelduck ,W,832,Individuals,832 i,5 year peak mean 1998/9-2002/3,Nationally important population (GB wintering),1.06393861892583,N,629423.2,243514
7000081,Dengie (Mid-Essex Coast Phase 1),UK11018,E,Classified/designatd,internationally important,141,Pluvialis squatarola (Eastern Atlantic - wintering),Grey plover ,W,4582,Individuals,4582 i,5 year peak mean 1998/9-2002/3,International population (Wintering),1.85506072874494,N,604527.6,203294.5
7000081,Dengie (Mid-Essex Coast Phase 1),UK11018,E,Classified/designatd,nationally important,137,Charadrius hiaticula (Europe/Northern Africa - wintering),Ringed plover ,P,325,Individuals,325 i,5 year peak mean 1998/9-2002/3,Nationally important population (GB passage),1.00154083204931,N,604527.6,203294.5
7000081,Dengie (Mid-Essex Coast Phase 1),UK11018,E,Classified/designatd,internationally important,046a,Branta bernicla bernicla (Western Siberia/Western Europe),Dark-bellied brent goose,W,2000,Individuals,2000 i,5 year peak mean 1998/9-2002/3,Nationally important population (GB wintering),2.03873598369011,N,604527.6,203294.5
7000081,Dengie (Mid-Essex Coast Phase 1),UK11018,E,Classified/designatd,nationally important,001,Gavia stellata (North-western Europe - wintering),Red-throated diver ,W,101,Individuals,101 i,5 year peak mean 1998/9-2002/3,Nationally important population (GB wintering),2.08247422680412,N,604527.6,203294.5
7000081,Dengie (Mid-Essex Coast Phase 1),UK11018,E,Classified/designatd,nationally important,082,Circus cyaneus,Hen harrier,W,19,Individuals,<19 i,5 year mean 1987-1991,Nationally important population (GB wintering),2.53333333333333,N,604527.6,203294.5
7000081,Dengie (Mid-Essex Coast Phase 1),UK11018,E,Classified/designatd,internationally important,WATR,Waterfowl assemblage,Waterfowl assemblage,W,43828,Individuals,43828 i,5 year peak mean 1998/9-2002/3,Waterfowl assemblage - wintering,,N,604527.6,203294.5
7000081,Dengie (Mid-Essex Coast Phase 1),UK11018,E,Classified/designatd,nationally important,149,Calidris alpina alpina (Northern Siberia/Europe/Western Africa),Dunlin ,W,10494,Individuals,10494 i,5 year peak mean 1998/9-2002/3,Nationally important population (GB wintering),1.88808924073408,N,604527.6,203294.5
7000081,Dengie (Mid-Essex Coast Phase 1),UK11018,E,Classified/designatd,nationally important,156,Limosa limosa islandica (Iceland - breeding),Black-tailed godwit ,P,225,Individuals,225 i,5 year peak mean 1998/9-2002/3,Nationally important population (GB passage),1.46198830409357,N,604527.6,203294.5
7000081,Dengie (Mid-Essex Coast Phase 1),UK11018,E,Classified/designatd,nationally important,164,Tringa nebularia (Europe/Western Africa),Common greenshank ,P,17,Individuals,17 i,5 year peak mean 1998/9-2002/3,Nationally important population (GB passage),2.84757118927973,N,604527.6,203294.5
7000081,Dengie (Mid-Essex Coast Phase 1),UK11018,E,Classified/designatd,internationally important,143,Calidris canutus (North-eastern Canada/Greenland/Iceland/North-western Europe),Red knot ,W,14528,Individuals,14528 i,5 year peak mean 1998/9-2002/3,International population (Wintering),3.22844444444444,N,604527.6,203294.5
7000081,Dengie (Mid-Essex Coast Phase 1),UK11018,E,Classified/designatd,internationally important,157,Limosa lapponica (Western Palearctic - wintering),Bar-tailed godwit ,W,2593,Individuals,2593 i,5 year peak mean 1998/9-2002/3,International population (Wintering),2.16083333333333,N,604527.6,203294.5
7000047,Din Moss – Hoselaw Loch,UK13010,S,Classified/designatd,internationally important,043a,Anser anser [Iceland/UK/Ireland],Greylag goose ,W,2054,Individuals,2054 i,,International population (Wintering),2.30527497194164,N,380534,631493
7000047,Din Moss – Hoselaw Loch,UK13010,S,Classified/designatd,internationally important,040,Anser brachyrhynchus (Eastern Greenland/Iceland/UK),Pink-footed goose ,W,1180,Individuals,1180 i,,International population (Wintering),0.491666666666667,N,380534,631493
7000126,Dornoch Firth and Loch Fleet,UK13011,S,Classified/designatd,internationally important,WATR,Waterfowl assemblage,Waterfowl assemblage,W,28692,Individuals,28692 i,5 year peak mean 1998/9-2002/3,Waterfowl assemblage - wintering,,N,275800,885900
7000126,Dornoch Firth and Loch Fleet,UK13011,S,Classified/designatd,nationally important,162,Tringa totanus (Eastern Atlantic - wintering),Common redshank ,W,1265,Individuals,1265 i,5 year peak mean 1998/9-2002/3,Nationally important population (GB wintering),1.08957795004307,N,275800,885900
7000126,Dornoch Firth and Loch Fleet,UK13011,S,Classified/designatd,nationally important,052,Anas crecca (North-western Europe),Eurasian teal ,W,2175,Individuals,2175 i,5 year peak mean 1998/9-2002/3,Nationally important population (GB wintering),1.1328125,N,275800,885900
7000126,Dornoch Firth and Loch Fleet,UK13011,S,Classified/designatd,nationally important,038,Cygnus cygnus (Iceland/UK/Ireland),Whooper swan ,W,81,Individuals,81 i,5 year peak mean 1998/9-2002/3,Nationally important population (GB wintering),1.41608391608392,N,275800,885900
7000126,Dornoch Firth and Loch Fleet,UK13011,S,Classified/designatd,internationally important,157,Limosa lapponica (Western Palearctic - wintering),Bar-tailed godwit ,W,1092,Individuals,1092 i,5 year peak mean 1998/9-2002/3,Nationally important population (GB wintering),1.77301509985387,N,275800,885900
7000126,Dornoch Firth and Loch Fleet,UK13011,S,Classified/designatd,nationally important,094,Pandion haliaetus,Osprey ,B,13,Individuals,13 i,2003,Nationally important population (GB breeding),10.2362204724409,N,275800,885900
7000126,Dornoch Firth and Loch Fleet,UK13011,S,Classified/designatd,internationally important,043a,Anser anser [Iceland/UK/Ireland],Greylag goose ,W,2677,Individuals,2677 i,5 year peak mean for 1996/7-2000/01,International population (Wintering),3.00448933782267,N,275800,885900
7000126,Dornoch Firth and Loch Fleet,UK13011,S,Classified/designatd,internationally important,050,Anas penelope (Western Siberia/North-western/North-eastern Europe),Eurasian wigeon ,P,14200,Individuals,14200 i,5 year peak mean 1998/9-2002/3,Nationally important population (GB passage),3.49753694581281,N,275800,885900
7000138,Dorset Heathlands,UK11021,E,Classified/designatd,nationally important,098,Falco columbarius,Merlin ,W,15,Individuals,15 i,Count as at 1991/2,Nationally important population (GB wintering),1,N,388688,83547
7000138,Dorset Heathlands,UK11021,E,Classified/designatd,nationally important,082,Circus cyaneus,Hen harrier,W,20,Individuals,20 i,Count as at 1991/2,Nationally important population (GB wintering),2.66666666666667,N,388688,83547
7000138,Dorset Heathlands,UK11021,E,Classified/designatd,nationally important,302,Sylvia undata,Dartford warbler ,B,418,Pairs,418 p,Three count mean 1991-2 & 1994,Nationally important population (GB breeding),26.125,N,388688,83547
7000136,Duddon Estuary,UK11022,E,Classified/designatd,nationally important,195,Sterna albifrons (Eastern Atlantic - breeding),Little tern ,B,26,,26 n,Seabird 2000 Census,Nationally important population (GB breeding),1.33538777606574,N,317990,476500
7000136,Duddon Estuary,UK11022,E,Classified/designatd,nationally important,191,Sterna sandvicensis (Western Europe/Western Africa),Sandwich tern ,B,340,,340 n,Seabird 2000 Census,Nationally important population (GB breeding),3.22703113135915,N,317990,476500
7000136,Duddon Estuary,UK11022,E,Classified/designatd,internationally important,WATR,Waterfowl assemblage,Waterfowl assemblage,W,26326,Individuals,26326 i,5 year peak mean 1998/9-2002/3,Waterfowl assemblage - wintering,,N,317990,476500
7000136,Duddon Estuary,UK11022,E,Classified/designatd,internationally important,054,Anas acuta (North-western Europe),Northern pintail ,W,687,Individuals,687 i,5 year peak mean 1998/9-2002/3,International population (Wintering),1.145,N,317990,476500
7000136,Duddon Estuary,UK11022,E,Classified/designatd,nationally important,069,Mergus serrator (North-western/Central Europe),Red-breasted merganser ,P,205,Individuals,205 i,5 year peak mean 1998/9-2002/3,Nationally important population (GB passage),2.08333333333333,N,317990,476500
7000136,Duddon Estuary,UK11022,E,Classified/designatd,nationally important,130,Haematopus ostralegus (Europe & Northern/Western Africa),Eurasian oystercatcher ,P,6460,Individuals,6460 i,5 year peak mean 1998/9-2002/3,Nationally important population (GB passage),2.0494923857868,N,317990,476500
7000136,Duddon Estuary,UK11022,E,Classified/designatd,internationally important,143,Calidris canutus (North-eastern Canada/Greenland/Iceland/North-western Europe),Red knot ,W,749,Individuals,749 i,5 year peak mean 1998/9-2002/3,Nationally important population (GB wintering),0.26410437235543,N,317990,476500
7000136,Duddon Estuary,UK11022,E,Classified/designatd,nationally important,149,Calidris alpina alpina (Northern Siberia/Europe/Western Africa),Dunlin ,W,6176,Individuals,6176 i,5 year peak mean 1998/9-2002/3,Nationally important population (GB wintering),1.11119107592659,N,317990,476500
7000136,Duddon Estuary,UK11022,E,Classified/designatd,nationally important,160,Numenius arquata (Europe - breeding),Eurasian curlew ,W,2408,Individuals,2408 i,5 year peak mean 1998/9-2002/3,Nationally important population (GB wintering),1.63698164513936,N,317990,476500
7000136,Duddon Estuary,UK11022,E,Classified/designatd,internationally important,162,Tringa totanus (Eastern Atlantic - wintering),Common redshank ,W,2197,Individuals,2197 i,5 year peak mean 1998/9-2002/3,Nationally important population (GB wintering),1.89233419465978,N,317990,476500
7000136,Duddon Estuary,UK11022,E,Classified/designatd,nationally important,144,Calidris alba (Eastern Atlantic/Western & Southern Africa - wintering),Sanderling ,W,498,Individuals,498 i,5 year peak mean 1998/9-2002/3,Nationally important population (GB wintering),2.42453748782863,N,317990,476500
7000130,East Sanday Coast,UK13013,S,Classified/designatd,nationally important,144,Calidris alba (Eastern Atlantic/Western & Southern Africa - wintering),Sanderling ,W,390,Individuals,390 i,peak means 1991/2-1993/4,Nationally important population (GB wintering),1.9,N,376590,1045100
7000130,East Sanday Coast,UK13013,S,Classified/designatd,nationally important,187,Larus marinus (North-east Atlantic - breeding),Great black-backed gull ,B,220,,220 n,Seabird 2000 Census,Nationally important population (GB breeding),1.28775462420979,N,376590,1045100
7000130,East Sanday Coast,UK13013,S,Classified/designatd,nationally important,137,Charadrius hiaticula (Europe/Northern Africa - wintering),Ringed plover ,W,360,Individuals,360 i,peak means 1991/2-1993/4,Nationally important population (GB wintering),1.1,N,376590,1045100
7000130,East Sanday Coast,UK13013,S,Classified/designatd,nationally important,157,Limosa lapponica (Western Palearctic - wintering),Bar-tailed godwit ,W,600,Individuals,600 i,winter peak mean (1991/2-1993/4),Nationally important population (GB wintering),0.97,N,376590,1045100
7000130,East Sanday Coast,UK13013,S,Classified/designatd,internationally important,148,Calidris maritima (Eastern Atlantic - wintering),Purple sandpiper ,W,840,Individuals,840 i,winter peak means,International population (Wintering),1.12,N,376590,1045100
7000130,East Sanday Coast,UK13013,S,Classified/designatd,internationally important,169,Arenaria interpres (Western Palearctic - wintering),Ruddy turnstone ,W,1400,Individuals,1400 i,"Three year peak mean, 1991/2-1993/4",International population (Wintering),1.48936170212766,N,376590,1045100
7000044,"Eilean na Muice Duibhe (Duich Moss), Islay",UK13014,S,Classified/designatd,internationally important,395,Anser albifrons flavirostris (Greenland/Ireland/UK),Greenland white-fronted goose,W,600,Individuals,600 i,"Count, as at 1984",International population (Wintering),2.22222222222222,N,132849,655831
7000058,Exe Estuary,UK11025,E,Classified/designatd,nationally important,195,Sterna albifrons (Eastern Atlantic - breeding),Little tern ,B,73,Pairs,73 p,Mean 1992 to 1996,Nationally important population (GB breeding),3.74935798664612,N,298041.8,84128.31
7000058,Exe Estuary,UK11025,E,Classified/designatd,internationally important,046a,Branta bernicla bernicla (Western Siberia/Western Europe),Dark-bellied brent goose,W,1509,Individuals,1509 i,5 year peak mean 1998/9-2002/3,Nationally important population (GB wintering),1.53822629969419,N,298041.8,84128.31
7000058,Exe Estuary,UK11025,E,Classified/designatd,nationally important,118,Rallus aquaticus (Europe),Water rail ,W,5,Individuals,5 i,5 year peak mean 1998/9-2002/3,Nationally important population (GB wintering),1.11111111111111,N,298041.8,84128.31
7000058,Exe Estuary,UK11025,E,Classified/designatd,nationally important,069,Mergus serrator (North-western/Central Europe),Red-breasted merganser ,W,114,Individuals,114 i,5 year peak mean 1998/9-2002/3,Nationally important population (GB wintering),1.15853658536585,N,298041.8,84128.31
7000058,Exe Estuary,UK11025,E,Classified/designatd,nationally important,132,Recurvirostra avosetta (Western Europe/Western Mediterranean - breeding),Pied avocet ,W,455,Individuals,455 i,5 year peak mean 1998/9-2002/3,Nationally important population (GB wintering),13.4020618556701,N,298041.8,84128.31
7000058,Exe Estuary,UK11025,E,Classified/designatd,nationally important,161,Tringa erythropus (Europe/Western Africa),Spotted redshank ,W,5,Individuals,5 i,5 year peak mean 1998/9-2002/3,Nationally important population (GB wintering),3.67647058823529,N,298041.8,84128.31
7000058,Exe Estuary,UK11025,E,Classified/designatd,nationally important,164,Tringa nebularia (Europe/Western Africa),Common greenshank ,P,54,Individuals,54 i,5 year peak mean 1998/9-2002/3,Nationally important population (GB passage),9.04522613065327,N,298041.8,84128.31
7000058,Exe Estuary,UK11025,E,Classified/designatd,internationally important,WATR,Waterfowl assemblage,Waterfowl assemblage,W,20263,Individuals,20263 i,5 year peak mean 1998/9-2002/3,Waterfowl assemblage - wintering,,N,298041.8,84128.31
7000058,Exe Estuary,UK11025,E,Classified/designatd,nationally important,158,Numenius phaeopus (Europe/Western Africa),Whimbrel ,P,79,Individuals,79 i,5 year peak mean 1998/9-2002/3 - spring peak,Nationally important population (GB passage),2.63333333333333,N,298041.8,84128.31
7000058,Exe Estuary,UK11025,E,Classified/designatd,nationally important,026,Egretta garzetta (Sub-Saharan Africa - breeding),Little egret ,P,81,Individuals,81 i,5 year peak mean 1998/9-2002/3,Nationally important population (GB passage),4.90909090909091,N,298041.8,84128.31
7000058,Exe Estuary,UK11025,E,Classified/designatd,internationally important,156,Limosa limosa islandica (Iceland - breeding),Black-tailed godwit ,W,857,Individuals,857 i,5 year peak mean 1998/9-2002/3,International population (Wintering),2.44857142857143,N,298041.8,84128.31
7000048,Fala Flow,UK13015,S,Classified/designatd,internationally important,040,Anser brachyrhynchus (Eastern Greenland/Iceland/UK),Pink-footed goose ,W,6719,Individuals,6719 i,,International population (Wintering),2.79958333333333,N,343203,658579
7000163,Firth of Forth,UK13017,S,Classified/designatd,nationally important,160,Numenius arquata (Europe - breeding),Eurasian curlew ,P,4007,Individuals,4007 i,5 year peak mean 1998/9-2002/3,Nationally important population (GB passage),2.72399728076139,N,296991,682322
7000163,Firth of Forth,UK13017,S,Classified/designatd,nationally important,005,Podiceps cristatus (North-western Europe - wintering),Great crested grebe ,P,298,Individuals,298 i,5 year peak mean 1998/9-2002/3,Nationally important population (GB passage),1.87421383647799,N,296991,682322
7000163,Firth of Forth,UK13017,S,Classified/designatd,internationally important,143,Calidris canutus (North-eastern Canada/Greenland/Iceland/North-western Europe),Red knot ,W,7295,Individuals,7295 i,5 year peak mean 1998/9-2002/3,International population (Wintering),1.62111111111111,N,296991,682322
7000163,Firth of Forth,UK13017,S,Classified/designatd,nationally important,144,Calidris alba (Eastern Atlantic/Western & Southern Africa - wintering),Sanderling ,W,258,Individuals,258 i,5 year peak mean 1998/9-2002/3,Nationally important population (GB wintering),1.25608568646543,N,296991,682322
7000163,Firth of Forth,UK13017,S,Classified/designatd,internationally important,WATR,Waterfowl assemblage,Waterfowl assemblage,W,72281,Individuals,72281 i,5 year peak mean 1998/9-2002/3,Waterfowl assemblage - wintering,,N,296991,682322
7000163,Firth of Forth,UK13017,S,Classified/designatd,nationally important,001,Gavia stellata (North-western Europe - wintering),Red-throated diver ,W,104,Individuals,104 i,5 year peak mean 1998/9-2002/3,Nationally important population (GB wintering),2.14432989690722,N,296991,682322
7000163,Firth of Forth,UK13017,S,Classified/designatd,internationally important,169,Arenaria interpres (Western Palearctic - wintering),Ruddy turnstone ,P,936,Individuals,936 i,5 year peak mean 1998/9-2002/3,Nationally important population (GB passage),1.88900100908174,N,296991,682322
7000163,Firth of Forth,UK13017,S,Classified/designatd,nationally important,164,Tringa nebularia (Europe/Western Africa),Common greenshank ,P,27,Individuals,27 i,5 year peak mean 1998/9-2002/3,Nationally important population (GB passage),4.52261306532663,N,296991,682322
7000163,Firth of Forth,UK13017,S,Classified/designatd,nationally important,192,Sterna dougallii (Europe - breeding),Roseate tern ,B,11,,11 n,Seabird 2000 Census,Nationally important population (GB breeding),21.1538461538462,N,296991,682322
7000163,Firth of Forth,UK13017,S,Classified/designatd,nationally important,161,Tringa erythropus (Europe/Western Africa),Spotted redshank ,P,2,Individuals,2 i,5 year peak mean 1998/9-2002/3,Nationally important population (GB passage),1.47058823529412,N,296991,682322
7000163,Firth of Forth,UK13017,S,Classified/designatd,nationally important,017,Phalacrocorax carbo (North-western Europe),Great cormorant ,P,745,Individuals,745 i,5 year peak mean 1998/9-2002/3,Nationally important population (GB passage),3.23913043478261,N,296991,682322
7000163,Firth of Forth,UK13017,S,Classified/designatd,nationally important,149,Calidris alpina alpina (Northern Siberia/Europe/Western Africa),Dunlin ,W,12617,Individuals,12617 i,5 year peak mean 1998/9-2002/3,Nationally important population (GB wintering),2.27006117308384,N,296991,682322
7000163,Firth of Forth,UK13017,S,Classified/designatd,nationally important,151,Philomachus pugnax (Western Africa - wintering),Ruff ,P,28,Individuals,28 i,5 year peak mean 1998/9-2002/3,Nationally important population (GB passage),4,N,296991,682322
7000163,Firth of Forth,UK13017,S,Classified/designatd,nationally important,017,Phalacrocorax carbo (North-western Europe),Great cormorant ,B,134,,134 n,Seabird 2000 Census,Nationally important population (GB breeding),1.60383004189108,N,296991,682322
7000163,Firth of Forth,UK13017,S,Classified/designatd,nationally important,156,Limosa limosa islandica (Iceland - breeding),Black-tailed godwit ,W,202,Individuals,202 i,5 year peak mean 1998/9-2002/3,Nationally important population (GB wintering),1.31254061078622,N,296991,682322
7000163,Firth of Forth,UK13017,S,Classified/designatd,nationally important,184,Larus argentatus (North-western Europe (breeding) and Iceland/Western Europe - breeding),Herring gull ,B,1777,,1777 n,Seabird 2000 Census,Nationally important population (GB breeding),1.2821530358238,N,296991,682322
7000163,Firth of Forth,UK13017,S,Classified/designatd,internationally important,157,Limosa lapponica (Western Palearctic - wintering),Bar-tailed godwit ,W,1737,Individuals,1737 i,5 year peak mean 1998/9-2002/3,International population (Wintering),1.4475,N,296991,682322
7000163,Firth of Forth,UK13017,S,Classified/designatd,internationally important,193,Sterna hirundo (Northern/Eastern Europe - breeding),Common tern ,B,889,,889 n,Seabird 2000 Census,International population (Breeding),1.43387096774194,N,296991,682322
7000163,Firth of Forth,UK13017,S,Classified/designatd,internationally important,162,Tringa totanus (Eastern Atlantic - wintering),Common redshank ,P,5151,Individuals,5151 i,5 year peak mean 1998/9-2002/3,International population (passage),2.0604,N,296991,682322
7000163,Firth of Forth,UK13017,S,Classified/designatd,nationally important,066,Melanitta fusca,Velvet scoter ,W,804,Individuals,804 i,5 year peak mean 1998/9-2002/3,Nationally important population (GB wintering),26.8,N,296991,682322
7000163,Firth of Forth,UK13017,S,Classified/designatd,internationally important,191,Sterna sandvicensis (Western Europe/Western Africa),Sandwich tern ,P,1617,Individuals,1617 i,1993/94 - 1997/98,International population (passage),0.98,N,296991,682322
7000163,Firth of Forth,UK13017,S,Classified/designatd,nationally important,137,Charadrius hiaticula (Europe/Northern Africa - wintering),Ringed plover ,P,604,Individuals,604 i,5 year peak mean 1998/9-2002/3,Nationally important population (GB passage),1.8613251155624,N,296991,682322
7000163,Firth of Forth,UK13017,S,Classified/designatd,nationally important,140,Pluvialis apricaria [North-western Europe - breeding],European golden plover ,W,2521,Individuals,2521 i,5 year peak mean 1998/9-2002/3,Nationally important population (GB wintering),1.0084,N,296991,682322
7000163,Firth of Forth,UK13017,S,Classified/designatd,nationally important,002,Gavia arctica (Western Siberia/Europe),Black-throated diver ,P,8,Individuals,8 i,5 year peak mean 1998/9-2002/3 - spring peak,Nationally important population (GB passage),1.14285714285714,N,296991,682322
7000163,Firth of Forth,UK13017,S,Classified/designatd,nationally important,130,Haematopus ostralegus (Europe & Northern/Western Africa),Eurasian oystercatcher ,P,8596,Individuals,8596 i,5 year peak mean 1998/9-2002/3,Nationally important population (GB passage),2.72715736040609,N,296991,682322
7000163,Firth of Forth,UK13017,S,Classified/designatd,internationally important,070,Mergus merganser (North-western/Central Europe),Goosander ,P,191,Individuals,191 i,5 year peak mean 1998/9-2002/3,International population (passage),1.18633540372671,N,296991,682322
7000163,Firth of Forth,UK13017,S,Classified/designatd,internationally important,007,Podiceps auritus (North-western Europe),Slavonian grebe ,W,68,Individuals,68 i,5 year peak mean 1998/9-2002/3,International population (Wintering),2.02985074626866,N,296991,682322
7000163,Firth of Forth,UK13017,S,Classified/designatd,internationally important,067,Bucephala clangula (North-western/Central Europe),Common goldeneye ,W,1789,Individuals,1789 i,5 year peak mean 1998/9-2002/3,Nationally important population (GB wintering),7.18473895582329,N,296991,682322
7000163,Firth of Forth,UK13017,S,Classified/designatd,nationally important,141,Pluvialis squatarola (Eastern Atlantic - wintering),Grey plover ,W,773,Individuals,773 i,5 year peak mean 1998/9-2002/3,Nationally important population (GB wintering),1.4654028436019,N,296991,682322
7000163,Firth of Forth,UK13017,S,Classified/designatd,nationally important,065,Melanitta nigra (Western Siberia/Western & Northern Europe/North-western Africa),Black (common) scoter ,W,2125,Individuals,2125 i,5 year peak mean 1998/9-2002/3,Nationally important population (GB wintering),4.25,N,296991,682322
7000163,Firth of Forth,UK13017,S,Classified/designatd,nationally important,064,Clangula hyemalis (Iceland/Greenland),Long-tailed duck ,W,541,Individuals,541 i,5 year peak mean 1998/9-2002/3,Nationally important population (GB wintering),3.38125,N,296991,682322
7000163,Firth of Forth,UK13017,S,Classified/designatd,nationally important,063,Somateria mollissima (Britain/Ireland),Common eider ,P,6918,Individuals,6918 i,5 year peak mean 1998/9-2002/3,Nationally important population (GB passage),9.47671232876712,N,296991,682322
7000163,Firth of Forth,UK13017,S,Classified/designatd,nationally important,062,Aythya marila (Northern/Western Europe),Greater scaup ,W,211,Individuals,211 i,5 year peak mean 1998/9-2002/3,Nationally important population (GB wintering),2.79100529100529,N,296991,682322
7000163,Firth of Forth,UK13017,S,Classified/designatd,internationally important,048,Tadorna tadorna (North-western Europe),Common shelduck ,P,3596,Individuals,3596 i,5 year peak mean 1998/9-2002/3,International population (passage),1.19866666666667,N,296991,682322
7000163,Firth of Forth,UK13017,S,Classified/designatd,internationally important,040,Anser brachyrhynchus (Eastern Greenland/Iceland/UK),Pink-footed goose ,P,7863,Individuals,7863 i,5 year peak mean 1998/9-2002/3,International population (passage),3.27625,N,296991,682322
7000163,Firth of Forth,UK13017,S,Classified/designatd,nationally important,038,Cygnus cygnus (Iceland/UK/Ireland),Whooper swan ,W,77,Individuals,77 i,5 year peak mean 1998/9-2002/3,Nationally important population (GB wintering),1.34615384615385,N,296991,682322
7000163,Firth of Forth,UK13017,S,Classified/designatd,nationally important,069,Mergus serrator (North-western/Central Europe),Red-breasted merganser ,P,569,Individuals,569 i,5 year peak mean 1998/9-2002/3,Nationally important population (GB passage),5.78252032520325,N,296991,682322
7000164,Firth of Tay & Eden Estuary,UK13018,S,Classified/designatd,internationally important,040,Anser brachyrhynchus (Eastern Greenland/Iceland/UK),Pink-footed goose ,W,6315,Individuals,6315 i,5 year peak mean 1997/8-2001/2,International population (Wintering),2.6,N,333157,724526
7000164,Firth of Tay & Eden Estuary,UK13018,S,Classified/designatd,nationally important,137,Charadrius hiaticula (Europe/Northern Africa - wintering),Ringed plover ,P,428,Individuals,428 i,5 year peak mean 1998/9-2002/3 - spring peak,Nationally important population (GB passage),1.31895223420647,N,333157,724526
7000164,Firth of Tay & Eden Estuary,UK13018,S,Classified/designatd,internationally important,157,Limosa lapponica (Western Palearctic - wintering),Bar-tailed godwit ,W,1809,Individuals,1809 i,5 year peak mean 1998/9-2002/3,International population (Wintering),1.5075,N,333157,724526
7000164,Firth of Tay & Eden Estuary,UK13018,S,Classified/designatd,nationally important,066,Melanitta fusca,Velvet scoter ,W,730,Individuals,730 i,5 year peak mean for 1990/91 to 1994/95,Nationally important population (GB wintering),24.3333333333333,N,333157,724526
7000164,Firth of Tay & Eden Estuary,UK13018,S,Classified/designatd,internationally important,WATR,Waterfowl assemblage,Waterfowl assemblage,W,27028,Individuals,27028 i,5 year peak mean 1998/9-2002/3,Waterfowl assemblage - wintering,,N,333157,724526
7000164,Firth of Tay & Eden Estuary,UK13018,S,Classified/designatd,internationally important,070,Mergus merganser (North-western/Central Europe),Goosander ,P,258,Individuals,258 i,5 year peak mean 1998/9-2002/3,International population (passage),1.60248447204969,N,333157,724526
7000164,Firth of Tay & Eden Estuary,UK13018,S,Classified/designatd,internationally important,162,Tringa totanus (Eastern Atlantic - wintering),Common redshank ,P,2145,Individuals,2145 i,5 year peak mean 1998/9-2002/3,Nationally important population (GB passage),1.84754521963824,N,333157,724526
7000164,Firth of Tay & Eden Estuary,UK13018,S,Classified/designatd,internationally important,043a,Anser anser [Iceland/UK/Ireland],Greylag goose ,W,1883,Individuals,1883 i,5 year peak mean for 1996/7-2000/01,International population (Wintering),2.11335578002245,N,333157,724526
7000164,Firth of Tay & Eden Estuary,UK13018,S,Classified/designatd,nationally important,141,Pluvialis squatarola (Eastern Atlantic - wintering),Grey plover ,W,874,Individuals,874 i,5 year peak mean 1998/9-2002/3,Nationally important population (GB wintering),1.65687203791469,N,333157,724526
7000164,Firth of Tay & Eden Estuary,UK13018,S,Classified/designatd,nationally important,130,Haematopus ostralegus (Europe & Northern/Western Africa),Eurasian oystercatcher ,W,3653,Individuals,3653 i,5 year peak mean 1998/9-2002/3,Nationally important population (GB wintering),1.15894670050761,N,333157,724526
7000164,Firth of Tay & Eden Estuary,UK13018,S,Classified/designatd,nationally important,065,Melanitta nigra (Western Siberia/Western & Northern Europe/North-western Africa),Black (common) scoter ,W,3100,Individuals,3100 i,5 year peak mean for 1990/91 to 1994/95,Nationally important population (GB wintering),6.2,N,333157,724526
7000164,Firth of Tay & Eden Estuary,UK13018,S,Classified/designatd,nationally important,063,Somateria mollissima (Britain/Ireland),Common eider ,W,2359,Individuals,2359 i,5 year peak mean 1998/9-2002/3,Nationally important population (GB wintering),3.23150684931507,N,333157,724526
7000164,Firth of Tay & Eden Estuary,UK13018,S,Classified/designatd,nationally important,164,Tringa nebularia (Europe/Western Africa),Common greenshank ,P,13,Individuals,13 i,5 year peak mean 1998/9-2002/3,Nationally important population (GB passage),2.17755443886097,N,333157,724526
7000115,Foulness (Mid-Essex Coast Phase 5),UK11026,E,Classified/designatd,nationally important,193,Sterna hirundo (Northern/Eastern Europe - breeding),Common tern ,B,134,,134 n,Seabird 2000 Census,Nationally important population (GB breeding),1.32228142885336,N,602419.4,190201.8
7000115,Foulness (Mid-Essex Coast Phase 5),UK11026,E,Classified/designatd,internationally important,157,Limosa lapponica (Western Palearctic - wintering),Bar-tailed godwit ,W,4095,Individuals,4095 i,5 year peak mean 1998/9-2002/3,International population (Wintering),3.4125,N,602419.4,190201.8
7000115,Foulness (Mid-Essex Coast Phase 5),UK11026,E,Classified/designatd,nationally important,151,Philomachus pugnax (Western Africa - wintering),Ruff ,P,20,Individuals,20 i,5 year peak mean 1998/9-2002/3,Nationally important population (GB passage),2.85714285714286,N,602419.4,190201.8
7000115,Foulness (Mid-Essex Coast Phase 5),UK11026,E,Classified/designatd,internationally important,WATR,Waterfowl assemblage,Waterfowl assemblage,W,82148,Individuals,82148 i,5 year peak mean 1998/9-2002/3,Waterfowl assemblage - wintering,,N,602419.4,190201.8
7000115,Foulness (Mid-Essex Coast Phase 5),UK11026,E,Classified/designatd,nationally important,164,Tringa nebularia (Europe/Western Africa),Common greenshank ,P,139,Individuals,139 i,5 year peak mean 1998/9-2002/3,Nationally important population (GB passage),23.2830820770519,N,602419.4,190201.8
7000115,Foulness (Mid-Essex Coast Phase 5),UK11026,E,Classified/designatd,internationally important,162,Tringa totanus (Eastern Atlantic - wintering),Common redshank ,P,2586,Individuals,2586 i,5 year peak mean 1998/9-2002/3,International population (passage),1.0344,N,602419.4,190201.8
7000115,Foulness (Mid-Essex Coast Phase 5),UK11026,E,Classified/designatd,nationally important,161,Tringa erythropus (Europe/Western Africa),Spotted redshank ,W,5,Individuals,5 i,5 year peak mean 1998/9-2002/3,Nationally important population (GB wintering),3.67647058823529,N,602419.4,190201.8
7000115,Foulness (Mid-Essex Coast Phase 5),UK11026,E,Classified/designatd,nationally important,158,Numenius phaeopus (Europe/Western Africa),Whimbrel ,P,34,Individuals,34 i,5 year peak mean 1998/9-2002/3,Nationally important population (GB passage),1.13333333333333,N,602419.4,190201.8
7000115,Foulness (Mid-Essex Coast Phase 5),UK11026,E,Classified/designatd,nationally important,137,Charadrius hiaticula (Europe/Northern Africa - wintering),Ringed plover ,P,547,Individuals,547 i,5 year peak mean 1998/9-2002/3,Nationally important population (GB passage),1.68567026194145,N,602419.4,190201.8
7000115,Foulness (Mid-Essex Coast Phase 5),UK11026,E,Classified/designatd,nationally important,149,Calidris alpina alpina (Northern Siberia/Europe/Western Africa),Dunlin ,W,9905,Individuals,9905 i,5 year peak mean 1998/9-2002/3,Nationally important population (GB wintering),1.78211586901763,N,602419.4,190201.8
7000115,Foulness (Mid-Essex Coast Phase 5),UK11026,E,Classified/designatd,nationally important,004,Tachybaptus ruficollis (Western Palearctic),Little grebe ,W,97,Individuals,97 i,5 year peak mean 1998/9-2002/3,Nationally important population (GB wintering),1.24839124839125,N,602419.4,190201.8
7000115,Foulness (Mid-Essex Coast Phase 5),UK11026,E,Classified/designatd,nationally important,048,Tadorna tadorna (North-western Europe),Common shelduck ,W,1305,Individuals,1305 i,5 year peak mean 1998/9-2002/3,Nationally important population (GB wintering),1.66879795396419,N,602419.4,190201.8
7000115,Foulness (Mid-Essex Coast Phase 5),UK11026,E,Classified/designatd,internationally important,046a,Branta bernicla bernicla (Western Siberia/Western Europe),Dark-bellied brent goose,W,6475,Individuals,6475 i,5 year peak mean 1998/9-2002/3,International population (Wintering),3.01162790697674,N,602419.4,190201.8
7000115,Foulness (Mid-Essex Coast Phase 5),UK11026,E,Classified/designatd,nationally important,132,Recurvirostra avosetta (Western Europe/Western Mediterranean - breeding),Pied avocet ,W,255,Individuals,255 i,5 year peak mean 1998/9-2002/3,Nationally important population (GB wintering),7.51104565537555,N,602419.4,190201.8
7000115,Foulness (Mid-Essex Coast Phase 5),UK11026,E,Classified/designatd,nationally important,082,Circus cyaneus,Hen harrier,W,19,Individuals,<19 i,5 year mean 1987/8-1991/2,Nationally important population (GB wintering),2.53333333333333,N,602419.4,190201.8
7000115,Foulness (Mid-Essex Coast Phase 5),UK11026,E,Classified/designatd,nationally important,160,Numenius arquata (Europe - breeding),Eurasian curlew ,P,2948,Individuals,2948 i,5 year peak mean 1998/9-2002/3,Nationally important population (GB passage),2.00407885791978,N,602419.4,190201.8
7000115,Foulness (Mid-Essex Coast Phase 5),UK11026,E,Classified/designatd,nationally important,191,Sterna sandvicensis (Western Europe/Western Africa),Sandwich tern ,B,320,Pairs,320 p,5 year mean 1992-1996,Nationally important population (GB breeding),3.03720577069096,N,602419.4,190201.8
7000115,Foulness (Mid-Essex Coast Phase 5),UK11026,E,Classified/designatd,nationally important,195,Sterna albifrons (Eastern Atlantic - breeding),Little tern ,B,24,Pairs,24 p,5 year mean 1992-1996,Nationally important population (GB breeding),1.2326656394453,N,602419.4,190201.8
7000115,Foulness (Mid-Essex Coast Phase 5),UK11026,E,Classified/designatd,nationally important,140,Pluvialis apricaria [North-western Europe - breeding],European golden plover ,W,4066,Individuals,4066 i,5 year peak mean 1998/9-2002/3,Nationally important population (GB wintering),1.6264,N,602419.4,190201.8
7000115,Foulness (Mid-Essex Coast Phase 5),UK11026,E,Classified/designatd,internationally important,141,Pluvialis squatarola (Eastern Atlantic - wintering),Grey plover ,W,4343,Individuals,4343 i,5 year peak mean 1998/9-2002/3,International population (Wintering),1.7582995951417,N,602419.4,190201.8
7000115,Foulness (Mid-Essex Coast Phase 5),UK11026,E,Classified/designatd,internationally important,143,Calidris canutus (North-eastern Canada/Greenland/Iceland/North-western Europe),Red knot ,W,22439,Individuals,22439 i,5 year peak mean 1998/9-2002/3,International population (Wintering),4.98644444444444,N,602419.4,190201.8
7000115,Foulness (Mid-Essex Coast Phase 5),UK11026,E,Classified/designatd,nationally important,144,Calidris alba (Eastern Atlantic/Western & Southern Africa - wintering),Sanderling ,P,432,Individuals,432 i,5 year peak mean 1998/9-2002/3,Nationally important population (GB passage),2.10321324245375,N,602419.4,190201.8
7000115,Foulness (Mid-Essex Coast Phase 5),UK11026,E,Classified/designatd,nationally important,026,Egretta garzetta (Sub-Saharan Africa - breeding),Little egret ,P,55,Individuals,55 i,5 year peak mean 1998/9-2002/3,Nationally important population (GB passage),3.33333333333333,N,602419.4,190201.8
7000115,Foulness (Mid-Essex Coast Phase 5),UK11026,E,Classified/designatd,internationally important,130,Haematopus ostralegus (Europe & Northern/Western Africa),Eurasian oystercatcher ,W,14674,Individuals,14674 i,5 year peak mean 1998/9-2002/3,International population (Wintering),1.43862745098039,N,602419.4,190201.8
7000194,Garron Plateau,UK12010,NI,Classified/designatd,nationally important,140,Pluvialis apricaria [North-western Europe - breeding],European golden plover ,B,12,Pairs,12 p,,Nationally important population (all Ireland breeding),3,N,140287.3231,575156.2199
7000069,Gibraltar Point,UK11027,E,Classified/designatd,nationally important,130,Haematopus ostralegus (Europe & Northern/Western Africa),Eurasian oystercatcher ,P,3406,Individuals,3406 i,5 year peak mean 1998/9-2002/3,Nationally important population (GB passage),1.08058375634518,N,556511.6,358464.3
7000069,Gibraltar Point,UK11027,E,Classified/designatd,nationally important,195,Sterna albifrons (Eastern Atlantic - breeding),Little tern ,B,32,,32 n,Seabird 2000 Census,Nationally important population (GB breeding),1.64355418592707,N,556511.6,358464.3
7000069,Gibraltar Point,UK11027,E,Classified/designatd,internationally important,046a,Branta bernicla bernicla (Western Siberia/Western Europe),Dark-bellied brent goose,W,682,Individuals,682 i,5 year peak mean 1998/9-2002/3,Nationally important population (GB wintering),0.695208970438328,N,556511.6,358464.3
7000069,Gibraltar Point,UK11027,E,Classified/designatd,internationally important,141,Pluvialis squatarola (Eastern Atlantic - wintering),Grey plover ,P,2793,Individuals,2793 i,5 year peak mean 1998/9-2002/3,International population (passage),1.13076923076923,N,556511.6,358464.3
7000069,Gibraltar Point,UK11027,E,Classified/designatd,internationally important,143,Calidris canutus (North-eastern Canada/Greenland/Iceland/North-western Europe),Red knot ,P,33930,Individuals,33930 i,5 year peak mean 1998/9-2002/3,International population (passage),7.54,N,556511.6,358464.3
7000069,Gibraltar Point,UK11027,E,Classified/designatd,internationally important,144,Calidris alba (Eastern Atlantic/Western & Southern Africa - wintering),Sanderling ,P,971,Individuals,971 i,5 year peak mean 1998/9-2002/3 - spring peak,Nationally important population (GB passage),4.72736124634859,N,556511.6,358464.3
7000069,Gibraltar Point,UK11027,E,Classified/designatd,nationally important,149,Calidris alpina alpina (Northern Siberia/Europe/Western Africa),Dunlin ,P,7503,Individuals,7503 i,5 year peak mean 1998/9-2002/3,Nationally important population (GB passage),1.34994602374955,N,556511.6,358464.3
7000069,Gibraltar Point,UK11027,E,Classified/designatd,internationally important,157,Limosa lapponica (Western Palearctic - wintering),Bar-tailed godwit ,P,3468,Individuals,3468 i,5 year peak mean 1998/9-2002/3,International population (passage),2.89,N,556511.6,358464.3
7000069,Gibraltar Point,UK11027,E,Classified/designatd,nationally important,164,Tringa nebularia (Europe/Western Africa),Common greenshank ,P,12,Individuals,12 i,5 year peak mean 1998/9-2002/3,Nationally important population (GB passage),2.01005025125628,N,556511.6,358464.3
7000069,Gibraltar Point,UK11027,E,Classified/designatd,nationally important,001,Gavia stellata (North-western Europe - wintering),Red-throated diver ,W,52,Individuals,52 i,5 year peak mean 1998/9-2002/3,Nationally important population (GB wintering),1.07216494845361,N,556511.6,358464.3
7000069,Gibraltar Point,UK11027,E,Classified/designatd,internationally important,WATR,Waterfowl assemblage,Waterfowl assemblage,W,53072,Individuals,53072 i,5 year peak mean 1998/9-2002/3,Waterfowl assemblage - wintering,,N,556511.6,358464.3
7000046,Gladhouse Reservoir,UK13021,S,Classified/designatd,internationally important,040,Anser brachyrhynchus (Eastern Greenland/Iceland/UK),Pink-footed goose ,W,849,Individuals,849 i,5 year peak mean 1998/9-2002/3,Nationally important population (GB wintering),0.352282157676349,N,329897,653584
7000110,Greenlaw Moor,UK13022,S,Classified/designatd,internationally important,040,Anser brachyrhynchus (Eastern Greenland/Iceland/UK),Pink-footed goose ,P,8504,Individuals,8504 i,5 year peak mean 1998/9-2002/3,International population (passage),3.54333333333333,N,371720,649090
7000043,"Gruinart Flats, Islay",UK13023,S,Classified/designatd,internationally important,045a,Branta leucopsis [Eastern Greenland/Scotland/Ireland],Barnacle goose ,W,20000,Individuals,20000 i,5 year peak mean - 91/2-95/6,International population (Wintering),36.9685767097967,N,129386,669934
7000043,"Gruinart Flats, Islay",UK13023,S,Classified/designatd,internationally important,046b,Branta bernicla hrota [Canada/Ireland],Light-bellied brent goose,P,71,Individuals,71 i,5 year peak mean 1998/9-2002/3,International population (passage),0.35,N,129386,669934
7000043,"Gruinart Flats, Islay",UK13023,S,Classified/designatd,nationally important,151,Philomachus pugnax (Western Africa - wintering),Ruff ,P,23,Individuals,23 i,5 year peak mean 1998/9-2002/3,Nationally important population (GB passage),3.28571428571429,N,129386,669934
7000043,"Gruinart Flats, Islay",UK13023,S,Classified/designatd,internationally important,395,Anser albifrons flavirostris (Greenland/Ireland/UK),Greenland white-fronted goose,W,3000,Individuals,3000 i,5 year peak means 91/2-95/6 (estimated),International population (Wintering),11.1111111111111,N,129386,669934
7000071,Hamford Water,UK11028,E,Classified/designatd,internationally important,156,Limosa limosa islandica (Iceland - breeding),Black-tailed godwit ,W,377,Individuals,377 i,5 year peak mean 1998/9-2002/3,International population (Wintering),1.07714285714286,N,623078.7,225131.2
7000071,Hamford Water,UK11028,E,Classified/designatd,nationally important,048,Tadorna tadorna (North-western Europe),Common shelduck ,W,1738,Individuals,1738 i,5 year peak mean 1998/9-2002/3,Nationally important population (GB wintering),2.22250639386189,N,623078.7,225131.2
7000071,Hamford Water,UK11028,E,Classified/designatd,nationally important,132,Recurvirostra avosetta (Western Europe/Western Mediterranean - breeding),Pied avocet ,W,388,Individuals,388 i,5 year peak mean 1998/9-2002/3,Nationally important population (GB wintering),11.4285714285714,N,623078.7,225131.2
7000071,Hamford Water,UK11028,E,Classified/designatd,internationally important,137,Charadrius hiaticula (Europe/Northern Africa - wintering),Ringed plover ,P,1169,Individuals,1169 i,5 year peak mean 1998/9-2002/3,International population (passage),1.6013698630137,N,623078.7,225131.2
7000071,Hamford Water,UK11028,E,Classified/designatd,nationally important,140,Pluvialis apricaria [North-western Europe - breeding],European golden plover ,W,3021,Individuals,3021 i,5 year peak mean 1998/9-2002/3,Nationally important population (GB wintering),1.2084,N,623078.7,225131.2
7000071,Hamford Water,UK11028,E,Classified/designatd,internationally important,141,Pluvialis squatarola (Eastern Atlantic - wintering),Grey plover ,W,2749,Individuals,2749 i,5 year peak mean 1998/9-2002/3,International population (Wintering),1.11295546558704,N,623078.7,225131.2
7000071,Hamford Water,UK11028,E,Classified/designatd,nationally important,052,Anas crecca (North-western Europe),Eurasian teal ,W,2684,Individuals,2684 i,5 year peak mean 1998/9-2002/3,Nationally important population (GB wintering),1.39791666666667,N,623078.7,225131.2
7000071,Hamford Water,UK11028,E,Classified/designatd,nationally important,151,Philomachus pugnax (Western Africa - wintering),Ruff ,P,28,Individuals,28 i,5 year peak mean 1998/9-2002/3,Nationally important population (GB passage),4,N,623078.7,225131.2
7000071,Hamford Water,UK11028,E,Classified/designatd,internationally important,046a,Branta bernicla bernicla (Western Siberia/Western Europe),Dark-bellied brent goose,W,3629,Individuals,3629 i,5 year peak mean 1998/9-2002/3,International population (Wintering),1.68790697674419,N,623078.7,225131.2
7000071,Hamford Water,UK11028,E,Classified/designatd,nationally important,161,Tringa erythropus (Europe/Western Africa),Spotted redshank ,P,3,Individuals,3 i,5 year peak mean 1998/9-2002/3,Nationally important population (GB passage),2.20588235294118,N,623078.7,225131.2
7000071,Hamford Water,UK11028,E,Classified/designatd,internationally important,162,Tringa totanus (Eastern Atlantic - wintering),Common redshank ,P,2099,Individuals,2099 i,5 year peak mean 1998/9-2002/3,Nationally important population (GB passage),1.80792420327304,N,623078.7,225131.2
7000071,Hamford Water,UK11028,E,Classified/designatd,nationally important,164,Tringa nebularia (Europe/Western Africa),Common greenshank ,P,76,Individuals,76 i,5 year peak mean 1998/9-2002/3,Nationally important population (GB passage),12.7303182579565,N,623078.7,225131.2
7000071,Hamford Water,UK11028,E,Classified/designatd,nationally important,195,Sterna albifrons (Eastern Atlantic - breeding),Little tern ,B,113,,113 n,Seabird 2000 Census,Nationally important population (GB breeding),5.80380071905496,N,623078.7,225131.2
7000071,Hamford Water,UK11028,E,Classified/designatd,nationally important,179,Larus ridibundus (North-western Europe - breeding),Black-headed gull ,B,11000,,11000 n,Seabird 2000 Census,Nationally important population (GB breeding),8.59999843636392,N,623078.7,225131.2
7000071,Hamford Water,UK11028,E,Classified/designatd,nationally important,176,Larus melanocephalus,Mediterranean gull ,B,3,,3 n,Seabird 2000 Census,Nationally important population (GB breeding),2.77777777777778,N,623078.7,225131.2
7000071,Hamford Water,UK11028,E,Classified/designatd,nationally important,143,Calidris canutus (North-eastern Canada/Greenland/Iceland/North-western Europe),Red knot ,W,3956,Individuals,3956 i,5 year peak mean 1998/9-2002/3,Nationally important population (GB wintering),1.39492242595205,N,623078.7,225131.2
7000031,Holburn Lake and Moss,UK11030,E,Classified/designatd,internationally important,043a,Anser anser [Iceland/UK/Ireland],Greylag goose ,W,2150,Individuals,2150 i,,International population (Wintering),2.41301907968575,N,405086.1,636521.7
7000031,Holburn Lake and Moss,UK11030,E,Classified/designatd,nationally important,052,Anas crecca (North-western Europe),Eurasian teal ,P,2013,Individuals,2013 i,5 year peak mean 1998/9-2002/3,Nationally important population (GB passage),1.0484375,N,405086.1,636521.7
7000140,Humber Estuary,UK11031,E,Classified/designatd,internationally important,140,Pluvialis apricaria [North-western Europe - breeding],European golden plover ,P,17996,Individuals,17996 i,1996-2000,International population (passage),2.2,N,536379,407878
7000140,Humber Estuary,UK11031,E,Classified/designatd,internationally important,149,Calidris alpina alpina (Northern Siberia/Europe/Western Africa),Dunlin ,P,20269,Individuals,20269 i,1996-2000,International population (passage),1.5,N,536379,407878
7000140,Humber Estuary,UK11031,E,Classified/designatd,internationally important,156,Limosa limosa islandica (Iceland - breeding),Black-tailed godwit ,P,915,Individuals,915 i,1996-2000,International population (passage),2.6,N,536379,407878
7000140,Humber Estuary,UK11031,E,Classified/designatd,internationally important,162,Tringa totanus (Eastern Atlantic - wintering),Common redshank ,P,7462,Individuals,7462 i,1996-2000,International population (passage),5.7,N,536379,407878
7000140,Humber Estuary,UK11031,E,Classified/designatd,internationally important,048,Tadorna tadorna (North-western Europe),Common shelduck ,W,4464,Individuals,4464 i,1996/7 to 2000/1,International population (Wintering),1.5,N,536379,407878
7000140,Humber Estuary,UK11031,E,Classified/designatd,internationally important,140,Pluvialis apricaria [North-western Europe - breeding],European golden plover ,W,30709,Individuals,30709 i,1996/7 to 2000/1,International population (Wintering),3.8,N,536379,407878
7000140,Humber Estuary,UK11031,E,Classified/designatd,internationally important,143,Calidris canutus (North-eastern Canada/Greenland/Iceland/North-western Europe),Red knot ,W,28165,Individuals,28165 i,1996/7 to 2000/1,International population (Wintering),6.3,N,536379,407878
7000140,Humber Estuary,UK11031,E,Classified/designatd,internationally important,149,Calidris alpina alpina (Northern Siberia/Europe/Western Africa),Dunlin ,W,22222,Individuals,22222 i,1996/7 to 2000/1,International population (Wintering),1.7,N,536379,407878
7000140,Humber Estuary,UK11031,E,Classified/designatd,internationally important,156,Limosa limosa islandica (Iceland - breeding),Black-tailed godwit ,W,1113,Individuals,1113 i,1996/7 to 2000/1,International population (Wintering),3.2,N,536379,407878
7000140,Humber Estuary,UK11031,E,Classified/designatd,internationally important,157,Limosa lapponica (Western Palearctic - wintering),Bar-tailed godwit ,W,2752,Individuals,2752 i,1996/7 to 2000/1,International population (Wintering),2.3,N,536379,407878
7000140,Humber Estuary,UK11031,E,Classified/designatd,internationally important,WATR,Waterfowl assemblage,Waterfowl assemblage,W,153934,Individuals,153934 i,1996/7 to 2000/1,Waterfowl assemblage - wintering,,N,536379,407878
7000140,Humber Estuary,UK11031,E,Classified/designatd,internationally important,143,Calidris canutus (North-eastern Canada/Greenland/Iceland/North-western Europe),Red knot ,P,18500,Individuals,18500 i,1996-2000,International population (passage),4.1,N,536379,407878
7000165,Inner Clyde Estuary,UK13024,S,Classified/designatd,nationally important,063,Somateria mollissima (Britain/Ireland),Common eider ,P,1060,Individuals,1060 i,5 year peak mean 1998/9-2002/3,Nationally important population (GB passage),1.45205479452055,N,235578,675814
7000165,Inner Clyde Estuary,UK13024,S,Classified/designatd,nationally important,007,Podiceps auritus (North-western Europe),Slavonian grebe ,W,20,Individuals,20 i,5 year peak mean 1998/9-2002/3,Nationally important population (GB wintering),2.75862068965517,N,235578,675814
7000165,Inner Clyde Estuary,UK13024,S,Classified/designatd,nationally important,017,Phalacrocorax carbo (North-western Europe),Great cormorant ,P,405,Individuals,405 i,5 year peak mean 1998/9-2002/3,Nationally important population (GB passage),1.76086956521739,N,235578,675814
7000165,Inner Clyde Estuary,UK13024,S,Classified/designatd,nationally important,067,Bucephala clangula (North-western/Central Europe),Common goldeneye ,W,317,Individuals,317 i,5 year peak mean 1998/9-2002/3,Nationally important population (GB wintering),1.27309236947791,N,235578,675814
7000165,Inner Clyde Estuary,UK13024,S,Classified/designatd,nationally important,130,Haematopus ostralegus (Europe & Northern/Western Africa),Eurasian oystercatcher ,W,3292,Individuals,3292 i,5 year peak mean 1998/9-2002/3,Nationally important population (GB wintering),1.04441624365482,N,235578,675814
7000165,Inner Clyde Estuary,UK13024,S,Classified/designatd,internationally important,162,Tringa totanus (Eastern Atlantic - wintering),Common redshank ,W,2099,Individuals,2099 i,5 year peak mean 1998/9-2002/3,Nationally important population (GB wintering),1.80792420327304,N,235578,675814
7000165,Inner Clyde Estuary,UK13024,S,Classified/designatd,nationally important,164,Tringa nebularia (Europe/Western Africa),Common greenshank ,W,11,Individuals,11 i,5 year peak mean 1998/9-2002/3,Nationally important population (GB wintering),1.84254606365159,N,235578,675814
7000166,Inner Moray Firth,UK13025,S,Classified/designatd,internationally important,043a,Anser anser [Iceland/UK/Ireland],Greylag goose ,W,2651,Individuals,2651 i,"5 year peak mean, 1992/3-1996/7",International population (Wintering),2.97530864197531,N,258798,847373
7000166,Inner Moray Firth,UK13025,S,Classified/designatd,nationally important,007,Podiceps auritus (North-western Europe),Slavonian grebe ,W,10,Individuals,10 i,5 year peak mean 1998/9-2002/3,Nationally important population (GB wintering),1.37931034482759,N,258798,847373
7000166,Inner Moray Firth,UK13025,S,Classified/designatd,nationally important,050,Anas penelope (Western Siberia/North-western/North-eastern Europe),Eurasian wigeon ,P,6073,Individuals,6073 i,5 year peak mean 1998/9-2002/3,Nationally important population (GB passage),1.49581280788177,N,258798,847373
7000166,Inner Moray Firth,UK13025,S,Classified/designatd,nationally important,052,Anas crecca (North-western Europe),Eurasian teal ,W,2019,Individuals,2019 i,5 year peak mean 1998/9-2002/3,Nationally important population (GB wintering),1.0515625,N,258798,847373
7000166,Inner Moray Firth,UK13025,S,Classified/designatd,nationally important,062,Aythya marila (Northern/Western Europe),Greater scaup ,W,405,Individuals,405 i,5 year peak mean 1998/9-2002/3,Nationally important population (GB wintering),5.35714285714286,N,258798,847373
7000166,Inner Moray Firth,UK13025,S,Classified/designatd,nationally important,064,Clangula hyemalis (Iceland/Greenland),Long-tailed duck ,W,169,Individuals,169 i,5 year peak mean 1998/9-2002/3,Nationally important population (GB wintering),1.05625,N,258798,847373
7000166,Inner Moray Firth,UK13025,S,Classified/designatd,nationally important,067,Bucephala clangula (North-western/Central Europe),Common goldeneye ,W,665,Individuals,665 i,5 year peak mean 1998/9-2002/3,Nationally important population (GB wintering),2.67068273092369,N,258798,847373
7000166,Inner Moray Firth,UK13025,S,Classified/designatd,internationally important,069,Mergus serrator (North-western/Central Europe),Red-breasted merganser ,W,135,Individuals,135 i,5 year peak mean 1998/9-2002/3,Nationally important population (GB wintering),1.3719512195122,N,258798,847373
7000166,Inner Moray Firth,UK13025,S,Classified/designatd,internationally important,157,Limosa lapponica (Western Palearctic - wintering),Bar-tailed godwit ,W,755,Individuals,755 i,5 year peak mean 1998/9-2002/3,Nationally important population (GB wintering),1.2258483520052,N,258798,847373
7000166,Inner Moray Firth,UK13025,S,Classified/designatd,internationally important,162,Tringa totanus (Eastern Atlantic - wintering),Common redshank ,W,2069,Individuals,2069 i,5 year peak mean 1998/9-2002/3,Nationally important population (GB wintering),1.78208440999139,N,258798,847373
7000166,Inner Moray Firth,UK13025,S,Classified/designatd,internationally important,WATR,Waterfowl assemblage,Waterfowl assemblage,W,25740,Individuals,25740 i,5 year peak mean 1998/9-2002/3,Waterfowl assemblage - wintering,,N,258798,847373
7000166,Inner Moray Firth,UK13025,S,Classified/designatd,nationally important,130,Haematopus ostralegus (Europe & Northern/Western Africa),Eurasian oystercatcher ,P,3457,Individuals,3457 i,5 year peak mean 1998/9-2002/3,Nationally important population (GB passage),1.09676395939086,N,258798,847373
12,Isles of Scilly,UK11033,E,Classified/designatd,internationally important,018,Phalacrocorax aristotelis (Northern Europe),European shag ,B,1091,,1091 n,Seabird 2000 Census,International population (Breeding),1.36375,N,88926,10911
12,Isles of Scilly,UK11033,E,Classified/designatd,internationally important,184,Larus argentatus (North-western Europe (breeding) and Iceland/Western Europe - breeding),Herring gull ,B,3608,Pairs,3608 p,Count as at 1999,International population (Breeding),0.992572214580468,N,88926,10911
12,Isles of Scilly,UK11033,E,Classified/designatd,nationally important,187,Larus marinus (North-east Atlantic - breeding),Great black-backed gull ,B,778,,778 n,Seabird 2000 Census,Nationally important population (GB breeding),4.55396862561461,N,88926,10911
12,Isles of Scilly,UK11033,E,Classified/designatd,internationally important,183,Larus fuscus (Western Europe/Mediterranean/Western Africa),Lesser black-backed gull ,B,3603,,3603 n,Seabird 2000 Census,International population (Breeding),2.43763827152977,N,88926,10911
12,Isles of Scilly,UK11033,E,Classified/designatd,internationally important,014,Hydrobates pelagicus (World),European storm-petrel ,B,71,,71 s,Seabird 2000 Census,Nationally important population (GB breeding),0.276803118908382,N,88926,10911
9000331,Killough Bay,UK12012,NI,Classified/designatd,internationally important,046b,Branta bernicla hrota [Canada/Ireland],Light-bellied brent goose,W,354,Individuals,354 i,5 year peak mean for 1992/93 – 1996-97,International population (Wintering),1.8,N,112152.28,492825.8804
7000168,Kintyre Goose Roosts,UK13027,S,Classified/designatd,internationally important,395,Anser albifrons flavirostris (Greenland/Ireland/UK),Greenland white-fronted goose,W,2300,Individuals,2300 i,5 year peak mean (1991/2-1995/6),International population (Wintering),8.51851851851852,N,171218,630060
7000124,Larne Lough,UK12013,NI,Classified/designatd,nationally important,193,Sterna hirundo (Northern/Eastern Europe - breeding),Common tern ,B,521,,521 n,Seabird 2000 Census,Nationally important population (all Ireland breeding),16.8064516129032,N,159475.1255,553129.6179
7000124,Larne Lough,UK12013,NI,Classified/designatd,nationally important,067,Bucephala clangula (North-western/Central Europe),Common goldeneye ,W,175,Individuals,175 i,5 year peak mean 1998/9-2002/3,Nationally important population (all Ireland wintering),1.59090909090909,N,159475.1255,553129.6179
7000124,Larne Lough,UK12013,NI,Classified/designatd,nationally important,192,Sterna dougallii (Europe - breeding),Roseate tern ,B,6,Pairs,6 p,"5 year mean, 1992-1996",Nationally important population (all Ireland breeding),1.5,N,159475.1255,553129.6179
7000124,Larne Lough,UK12013,NI,Classified/designatd,nationally important,048,Tadorna tadorna (North-western Europe),Common shelduck ,W,650,Individuals,650 i,5 year peak mean 1998/9-2002/3,Nationally important population (all Ireland wintering),9.28571428571429,N,159475.1255,553129.6179
7000124,Larne Lough,UK12013,NI,Classified/designatd,nationally important,069,Mergus serrator (North-western/Central Europe),Red-breasted merganser ,P,174,Individuals,174 i,5 year peak mean 1998/9-2002/3,Nationally important population (all Ireland passage),8.7,N,159475.1255,553129.6179
7000124,Larne Lough,UK12013,NI,Classified/designatd,nationally important,191,Sterna sandvicensis (Western Europe/Western Africa),Sandwich tern ,B,348,,348 n,Seabird 2000 Census,Nationally important population (all Ireland breeding),7.90909090909091,N,159475.1255,553129.6179
7000124,Larne Lough,UK12013,NI,Classified/designatd,nationally important,063,Somateria mollissima (Britain/Ireland),Common eider ,P,122,Individuals,122 i,5 year peak mean 1998/9-2002/3,Nationally important population (all Ireland passage),6.1,N,159475.1255,553129.6179
7000124,Larne Lough,UK12013,NI,Classified/designatd,internationally important,046b,Branta bernicla hrota [Canada/Ireland],Light-bellied brent goose,W,222,Individuals,222 i,5 year peak mean 1998/9-2002/3,International population (Wintering),1.11,N,159475.1255,553129.6179
7000124,Larne Lough,UK12013,NI,Classified/designatd,nationally important,017,Phalacrocorax carbo (North-western Europe),Great cormorant ,W,97,Individuals,97 i,5 year peak mean 1998/9-2002/3,Nationally important population (all Ireland wintering),1.94,N,159475.1255,553129.6179
7000124,Larne Lough,UK12013,NI,Classified/designatd,nationally important,005,Podiceps cristatus (North-western Europe - wintering),Great crested grebe ,P,131,Individuals,131 i,5 year peak mean 1998/9-2002/3,Nationally important population (all Ireland passage),3.74285714285714,N,159475.1255,553129.6179
7000124,Larne Lough,UK12013,NI,Classified/designatd,nationally important,164,Tringa nebularia (Europe/Western Africa),Common greenshank ,W,12,Individuals,12 i,5 year peak mean 1998/9-2002/3,Nationally important population (all Ireland wintering),1.33333333333333,N,159475.1255,553129.6179
7000124,Larne Lough,UK12013,NI,Classified/designatd,nationally important,182,Larus canus (West and Central Europe),Mew gull ,W,1202,Individuals,1202 i,5 year peak mean 1998/9-2002/3,Nationally important population (all Ireland wintering),1.78074074074074,N,159475.1255,553129.6179
7000124,Larne Lough,UK12013,NI,Classified/designatd,nationally important,162,Tringa totanus (Eastern Atlantic - wintering),Common redshank ,W,397,Individuals,397 i,5 year peak mean 1998/9-2002/3,Nationally important population (all Ireland wintering),1.62040816326531,N,159475.1255,553129.6179
7000124,Larne Lough,UK12013,NI,Classified/designatd,nationally important,179,Larus ridibundus (North-western Europe - breeding),Black-headed gull ,B,1478,,1478 n,Seabird 2000 Census,Nationally important population (all Ireland breeding),2.74721189591078,N,159475.1255,553129.6179
9,Lee Valley,UK11034,E,Classified/designatd,internationally important,051,Anas strepera (North-western Europe),Gadwall ,W,445,Individuals,445 i,5 year peak mean 1998/9-2002/3,Nationally important population (GB wintering),2.60233918128655,N,541985,188929
9,Lee Valley,UK11034,E,Classified/designatd,internationally important,056,Anas clypeata (North-western/Central Europe),Northern shoveler ,P,287,Individuals,287 i,5 year peak mean 1998/9-2002/3,Nationally important population (GB passage),1.93918918918919,N,541985,188929
9,Lee Valley,UK11034,E,Classified/designatd,nationally important,068,Mergellus albellus,Smew ,W,14,Individuals,14 i,5 year peak mean 1998/9-2002/3,Nationally important population (GB wintering),3.78378378378378,N,541985,188929
9,Lee Valley,UK11034,E,Classified/designatd,nationally important,021,Botaurus stellaris (Europe - breeding),Great bittern ,W,1,Individuals,1 i,5 year peak mean 1998/9-2002/3,Nationally important population (GB wintering),1,N,541985,188929
9,Lee Valley,UK11034,E,Classified/designatd,nationally important,125,Fulica atra (North-western Europe - wintering),Common coot ,P,2032,Individuals,2032 i,5 year peak mean 1998/9-2002/3,Nationally important population (GB passage),1.17456647398844,N,541985,188929
9,Lee Valley,UK11034,E,Classified/designatd,nationally important,118,Rallus aquaticus (Europe),Water rail ,W,17,Individuals,17 i,5 year peak mean 1998/9-2002/3,Nationally important population (GB wintering),3.77777777777778,N,541985,188929
9,Lee Valley,UK11034,E,Classified/designatd,nationally important,017,Phalacrocorax carbo (North-western Europe),Great cormorant ,P,419,Individuals,419 i,5 year peak mean 1998/9-2002/3 - spring peak,Nationally important population (GB passage),1.82173913043478,N,541985,188929
9,Lee Valley,UK11034,E,Classified/designatd,nationally important,061,Aythya fuligula (North-western Europe),Tufted duck ,P,2081,Individuals,2081 i,5 year peak mean 1998/9-2002/3,Nationally important population (GB passage),2.30965593784684,N,541985,188929
7000033,Leighton Moss,UK11035,E,Classified/designatd,nationally important,081,Circus aeruginosus,Eurasian marsh harrier ,B,2,Pairs,2 p,,Nationally important population (GB breeding),1.32450331125828,N,348284.8,474973
7000033,Leighton Moss,UK11035,E,Classified/designatd,nationally important,056,Anas clypeata (North-western/Central Europe),Northern shoveler ,P,166,Individuals,166 i,5 year peak mean 1998/9-2002/3,Nationally important population (GB passage),1.12162162162162,N,348284.8,474973
7000033,Leighton Moss,UK11035,E,Classified/designatd,nationally important,118,Rallus aquaticus (Europe),Water rail ,W,14,Individuals,14 i,5 year peak mean 1998/9-2002/3,Nationally important population (GB wintering),3.11111111111111,N,348284.8,474973
7000170,Lewis Peatlands,UK13028,S,Classified/designatd,internationally important,466,Calidris alpina schinzii (Baltic/UK/Ireland),Dunlin ,B,4386,Pairs,4386 p,2004,International population (Breeding),39.9,N,131128,938150
7000170,Lewis Peatlands,UK13028,S,Classified/designatd,nationally important,173,Stercorarius parasiticus (North Atlantic),Arctic skua ,B,70,,70 t,Seabird 2000 Census,Nationally important population (GB breeding),3.27715355805243,N,131128,938150
7000005,Lindisfarne,UK11036,E,Classified/designatd,internationally important,157,Limosa lapponica (Western Palearctic - wintering),Bar-tailed godwit ,W,3757,Individuals,3757 i,5 year peak mean 1998/9-2002/3,International population (Wintering),3.13083333333333,N,410177.8,642154.1
7000005,Lindisfarne,UK11036,E,Classified/designatd,internationally important,046c,Branta bernicla hrota [Svalbard/Denmark/UK],Light-bellied brent goose,P,2799,Individuals,2799 i,5 year peak mean 1998/9-2002/3,International population (passage),55.98,N,410177.8,642154.1
7000005,Lindisfarne,UK11036,E,Classified/designatd,internationally important,162,Tringa totanus (Eastern Atlantic - wintering),Common redshank ,P,1572,Individuals,1572 i,5 year peak mean 1998/9-2002/3,Nationally important population (GB passage),1.35400516795866,N,410177.8,642154.1
7000005,Lindisfarne,UK11036,E,Classified/designatd,nationally important,160,Numenius arquata (Europe - breeding),Eurasian curlew ,P,1507,Individuals,1507 i,5 year peak mean 1998/9-2002/3,Nationally important population (GB passage),1.02447314751869,N,410177.8,642154.1
7000005,Lindisfarne,UK11036,E,Classified/designatd,nationally important,151,Philomachus pugnax (Western Africa - wintering),Ruff ,P,11,Individuals,11 i,5 year peak mean 1998/9-2002/3,Nationally important population (GB passage),1.57142857142857,N,410177.8,642154.1
7000005,Lindisfarne,UK11036,E,Classified/designatd,nationally important,149,Calidris alpina alpina (Northern Siberia/Europe/Western Africa),Dunlin ,W,8649,Individuals,8649 i,5 year peak mean 1998/9-2002/3,Nationally important population (GB wintering),1.55613530046779,N,410177.8,642154.1
7000005,Lindisfarne,UK11036,E,Classified/designatd,nationally important,143,Calidris canutus (North-eastern Canada/Greenland/Iceland/North-western Europe),Red knot ,W,3532,Individuals,3532 i,5 year peak mean 1998/9-2002/3,Nationally important population (GB wintering),1.24541607898449,N,410177.8,642154.1
7000005,Lindisfarne,UK11036,E,Classified/designatd,nationally important,141,Pluvialis squatarola (Eastern Atlantic - wintering),Grey plover ,P,1261,Individuals,1261 i,5 year peak mean 1998/9-2002/3,Nationally important population (GB passage),2.39052132701422,N,410177.8,642154.1
7000005,Lindisfarne,UK11036,E,Classified/designatd,nationally important,140,Pluvialis apricaria [North-western Europe - breeding],European golden plover ,P,3322,Individuals,3322 i,5 year peak mean 1998/9-2002/3,Nationally important population (GB passage),1.3288,N,410177.8,642154.1
7000005,Lindisfarne,UK11036,E,Classified/designatd,internationally important,137,Charadrius hiaticula (Europe/Northern Africa - wintering),Ringed plover ,P,114,Individuals,114 i,5 year peak mean 1998/9-2002/3 - spring peak,Nationally important population (GB passage),0.351309707241911,N,410177.8,642154.1
7000005,Lindisfarne,UK11036,E,Classified/designatd,nationally important,063,Somateria mollissima (Britain/Ireland),Common eider ,W,1241,Individuals,1241 i,5 year peak mean 1998/9-2002/3,Nationally important population (GB wintering),1.7,N,410177.8,642154.1
7000005,Lindisfarne,UK11036,E,Classified/designatd,internationally important,050,Anas penelope (Western Siberia/North-western/North-eastern Europe),Eurasian wigeon ,P,10857,Individuals,10857 i,5 year peak mean 1998/9-2002/3,Nationally important population (GB passage),2.67413793103448,N,410177.8,642154.1
7000005,Lindisfarne,UK11036,E,Classified/designatd,nationally important,048,Tadorna tadorna (North-western Europe),Common shelduck ,W,1455,Individuals,1455 i,5 year peak mean 1998/9-2002/3,Nationally important population (GB wintering),1.86061381074169,N,410177.8,642154.1
7000005,Lindisfarne,UK11036,E,Classified/designatd,internationally important,043a,Anser anser [Iceland/UK/Ireland],Greylag goose ,W,750,Individuals,750 i,5 year peak mean for 1995/6-1999/2000,Nationally important population (GB wintering),0.915750915750916,N,410177.8,642154.1
7000005,Lindisfarne,UK11036,E,Classified/designatd,nationally important,007,Podiceps auritus (North-western Europe),Slavonian grebe ,W,9,Individuals,9 i,5 year peak mean 1998/9-2002/3,Nationally important population (GB wintering),1.24137931034483,N,410177.8,642154.1
7000005,Lindisfarne,UK11036,E,Classified/designatd,nationally important,065,Melanitta nigra (Western Siberia/Western & Northern Europe/North-western Africa),Black (common) scoter ,P,547,Individuals,547 i,5 year peak mean 1998/9-2002/3 - spring peak,Nationally important population (GB passage),1.094,N,410177.8,642154.1
7000005,Lindisfarne,UK11036,E,Classified/designatd,internationally important,WATR,Waterfowl assemblage,Waterfowl assemblage,W,44970,Individuals,44970 i,5 year peak mean 1998/9-2002/3,Waterfowl assemblage - wintering,,N,410177.8,642154.1
7000005,Lindisfarne,UK11036,E,Classified/designatd,internationally important,040,Anser brachyrhynchus (Eastern Greenland/Iceland/UK),Pink-footed goose ,P,2531,Individuals,2531 i,5 year peak mean 1998/9-2002/3,International population (passage),1.05458333333333,N,410177.8,642154.1
7000005,Lindisfarne,UK11036,E,Classified/designatd,nationally important,164,Tringa nebularia (Europe/Western Africa),Common greenshank ,P,10,Individuals,10 i,5 year peak mean 1998/9-2002/3,Nationally important population (GB passage),1.6750418760469,N,410177.8,642154.1
7000051,Loch an Duin,UK13029,S,Classified/designatd,internationally important,043b,Anser anser [North-western Scotland],Greylag goose ,B,50,Pairs,50 p,"Count, as at late 1990s",International population (Breeding),8,N,94300,873600
7000051,Loch an Duin,UK13029,S,Classified/designatd,nationally important,193,Sterna hirundo (Northern/Eastern Europe - breeding),Common tern ,B,145,,145 n,Seabird 2000 Census,Nationally important population (GB breeding),1.43082691928163,N,94300,873600
7000037,Loch Eye,UK13031,S,Classified/designatd,internationally important,038,Cygnus cygnus (Iceland/UK/Ireland),Whooper swan ,P,80,Individuals,80 i,5 year peak mean 1998/9-2002/3,Nationally important population (GB passage),1.3986013986014,N,283190,879753
7000037,Loch Eye,UK13031,S,Classified/designatd,internationally important,043a,Anser anser [Iceland/UK/Ireland],Greylag goose ,W,6338,Individuals,6338 i,5 year peak mean for 1995/6-1999/2000,International population (Wintering),7.11335578002245,N,283190,879753
7000062,Loch Ken and River Dee Marshes,UK13032,S,Classified/designatd,nationally important,038,Cygnus cygnus (Iceland/UK/Ireland),Whooper swan ,W,72,Individuals,72 i,5 year peak mean 1998/9-2002/3,Nationally important population (GB wintering),1.25874125874126,N,271029,568255
7000062,Loch Ken and River Dee Marshes,UK13032,S,Classified/designatd,internationally important,395,Anser albifrons flavirostris (Greenland/Ireland/UK),Greenland white-fronted goose,W,353,Individuals,353 i,5 year peak mean for 1996/7-2000/01,International population (Wintering),1.30740740740741,N,271029,568255
7000062,Loch Ken and River Dee Marshes,UK13032,S,Classified/designatd,internationally important,043a,Anser anser [Iceland/UK/Ireland],Greylag goose ,W,1307,Individuals,1307 i,5 year peak mean for 1996/7-2000/01,International population (Wintering),1.4668911335578,N,271029,568255
7000008,Loch Leven,UK13033,S,Classified/designatd,nationally important,051,Anas strepera (North-western Europe),Gadwall ,P,447,Individuals,447 i,5 year peak mean 1998/9-2002/3,Nationally important population (GB passage),2.6140350877193,N,314821,701442
7000008,Loch Leven,UK13033,S,Classified/designatd,nationally important,067,Bucephala clangula (North-western/Central Europe),Common goldeneye ,W,284,Individuals,284 i,5 year peak mean 1998/9-2002/3,Nationally important population (GB wintering),1.14056224899598,N,314821,701442
7000008,Loch Leven,UK13033,S,Classified/designatd,internationally important,036,Cygnus olor (Britain),Mute swan ,P,442,Individuals,442 i,5 year peak mean 1998/9-2002/3,International population (passage),1.17866666666667,N,314821,701442
7000008,Loch Leven,UK13033,S,Classified/designatd,nationally important,017,Phalacrocorax carbo (North-western Europe),Great cormorant ,W,513,Individuals,513 i,5 year peak mean 1998/9-2002/3,Nationally important population (GB wintering),2.2304347826087,N,314821,701442
7000008,Loch Leven,UK13033,S,Classified/designatd,internationally important,005,Podiceps cristatus (North-western Europe - wintering),Great crested grebe ,P,130,Individuals,130 i,5 year peak mean 1998/9-2002/3,Nationally important population (GB passage),0.817610062893082,N,314821,701442
7000008,Loch Leven,UK13033,S,Classified/designatd,nationally important,059,Aythya ferina (North-western/North-eastern Europe),Common pochard ,P,1398,Individuals,1398 i,5 year peak mean 1998/9-2002/3,Nationally important population (GB passage),2.34957983193277,N,314821,701442
7000008,Loch Leven,UK13033,S,Classified/designatd,internationally important,056,Anas clypeata (North-western/Central Europe),Northern shoveler ,P,406,Individuals,406 i,5 year peak mean 1998/9-2002/3,International population (passage),1.015,N,314821,701442
7000008,Loch Leven,UK13033,S,Classified/designatd,nationally important,061,Aythya fuligula (North-western Europe),Tufted duck ,P,3618,Individuals,3618 i,5 year peak mean 1998/9-2002/3,Nationally important population (GB passage),4.01553829078801,N,314821,701442
7000008,Loch Leven,UK13033,S,Classified/designatd,nationally important,038,Cygnus cygnus (Iceland/UK/Ireland),Whooper swan ,W,141,Individuals,141 i,5 year peak mean 1998/9-2002/3,Nationally important population (GB wintering),2.46503496503497,N,314821,701442
7000008,Loch Leven,UK13033,S,Classified/designatd,nationally important,179,Larus ridibundus (North-western Europe - breeding),Black-headed gull ,B,6864,,6864 n,Seabird 2000 Census,Nationally important population (GB breeding),5.36639902429109,N,314821,701442
7000008,Loch Leven,UK13033,S,Classified/designatd,internationally important,WATR,Waterfowl assemblage,Waterfowl assemblage,W,18463,Individuals,18463 i,5 year peak mean 1998/9-2002/3,Waterfowl assemblage - wintering,,N,314821,701442
7000008,Loch Leven,UK13033,S,Classified/designatd,nationally important,183,Larus fuscus (Western Europe/Mediterranean/Western Africa),Lesser black-backed gull ,B,1103,,1103 n,Seabird 2000 Census,Nationally important population (GB breeding),1.00180743135848,N,314821,701442
7000008,Loch Leven,UK13033,S,Classified/designatd,nationally important,151,Philomachus pugnax (Western Africa - wintering),Ruff ,P,16,Individuals,16 i,5 year peak mean 1998/9-2002/3,Nationally important population (GB passage),2.28571428571429,N,314821,701442
7000008,Loch Leven,UK13033,S,Classified/designatd,internationally important,040,Anser brachyrhynchus (Eastern Greenland/Iceland/UK),Pink-footed goose ,W,14646,Individuals,14646 i,5 year peak mean 1997/8-2001/2,International population (Wintering),6,N,314821,701442
7000008,Loch Leven,UK13033,S,Classified/designatd,nationally important,125,Fulica atra (North-western Europe - wintering),Common coot ,P,2242,Individuals,2242 i,5 year peak mean 1998/9-2002/3,Nationally important population (GB passage),1.29595375722543,N,314821,701442
7000008,Loch Leven,UK13033,S,Classified/designatd,internationally important,052,Anas crecca (North-western Europe),Eurasian teal ,P,4105,Individuals,4105 i,5 year peak mean 1998/9-2002/3,International population (passage),1.02625,N,314821,701442
7000009,Loch Lomond,UK13034,S,Classified/designatd,internationally important,395,Anser albifrons flavirostris (Greenland/Ireland/UK),Greenland white-fronted goose,W,242,Individuals,242 i,5 year peak mean for 1996/7-2000/01,Nationally important population (GB wintering),1.15789473684211,N,243474,688648
7000088,Loch Maree,UK13035,S,Classified/designatd,nationally important,002,Gavia arctica (Western Siberia/Europe),Black-throated diver ,B,10,Pairs,10 p,1995-2004,Nationally important population (GB breeding),6.45161290322581,N,193122,871521
7000172,Loch of Inch and Torrs Warren,UK13037,S,Classified/designatd,internationally important,082,Circus cyaneus,Hen harrier,W,8,Individuals,8 i,5 year peak mean 1991/92-1995/96,Nationally important population (GB wintering),1.1,N,215410.9,553447.8
7000172,Loch of Inch and Torrs Warren,UK13037,S,Classified/designatd,internationally important,395,Anser albifrons flavirostris (Greenland/Ireland/UK),Greenland white-fronted goose,W,641,Individuals,641 i,5 year peak mean for 1996/7-2000/01,International population (Wintering),2.37407407407407,N,215410.9,553447.8
7000172,Loch of Inch and Torrs Warren,UK13037,S,Classified/designatd,nationally important,082,Circus cyaneus,Hen harrier,W,8,Individuals,8 i,5 year peak mean 1991/92-1995/96,Nationally important population (GB wintering),1,N,215410.9,553447.8
7000082,Loch of Kinnordy,UK13038,S,Classified/designatd,nationally important,179,Larus ridibundus (North-western Europe - breeding),Black-headed gull ,B,2299,,2299 n,Seabird 2000 Census,Nationally important population (GB breeding),1.79739967320006,N,336021,754218
7000082,Loch of Kinnordy,UK13038,S,Classified/designatd,internationally important,040,Anser brachyrhynchus (Eastern Greenland/Iceland/UK),Pink-footed goose ,P,50,Individuals,50 i,5 year peak mean 1998/9-2002/3,Nationally important population (GB passage),0.020746887966805,N,336021,754218
7000082,Loch of Kinnordy,UK13038,S,Classified/designatd,nationally important,118,Rallus aquaticus (Europe),Water rail ,P,5,Individuals,5 i,5 year peak mean 1998/9-2002/3,Nationally important population (GB passage),1.11111111111111,N,336021,754218
7000082,Loch of Kinnordy,UK13038,S,Classified/designatd,internationally important,043a,Anser anser [Iceland/UK/Ireland],Greylag goose ,W,1000,Individuals,1000 i,Winter peak mean,International population (Wintering),1.12233445566779,N,336021,754218
7000082,Loch of Kinnordy,UK13038,S,Classified/designatd,nationally important,038,Cygnus cygnus (Iceland/UK/Ireland),Whooper swan ,W,72,Individuals,72 i,5 year peak mean 1998/9-2002/3,Nationally important population (GB wintering),1.25874125874126,N,336021,754218
7000019,Loch of Lintrathen,UK13039,S,Classified/designatd,nationally important,038,Cygnus cygnus (Iceland/UK/Ireland),Whooper swan ,W,85,Individuals,85 i,5 year peak mean 1998/9-2002/3,Nationally important population (GB wintering),1.48601398601399,N,327778,754900
7000019,Loch of Lintrathen,UK13039,S,Classified/designatd,internationally important,043a,Anser anser [Iceland/UK/Ireland],Greylag goose ,W,3088,Individuals,3088 i,5 year peak mean for 1996/7-2000/01,International population (Wintering),3.46576879910213,N,327778,754900
7000036,Loch of Skene,UK13040,S,Classified/designatd,internationally important,043a,Anser anser [Iceland/UK/Ireland],Greylag goose ,W,9947,Individuals,9947 i,5 year peak mean for 1996/7-2000/01,International population (Wintering),11.1638608305275,N,378473,807497
7000036,Loch of Skene,UK13040,S,Classified/designatd,internationally important,040,Anser brachyrhynchus (Eastern Greenland/Iceland/UK),Pink-footed goose ,W,3494,Individuals,3494 i,5 year peak mean 1998/9-2002/3,International population (Wintering),1.45583333333333,N,378473,807497
7000105,Loch of Strathbeg,UK13041,S,Classified/designatd,nationally important,151,Philomachus pugnax (Western Africa - wintering),Ruff ,P,10,Individuals,10 i,5 year peak mean 1998/9-2002/3,Nationally important population (GB passage),1.42857142857143,N,406892,859287
7000105,Loch of Strathbeg,UK13041,S,Classified/designatd,nationally important,191,Sterna sandvicensis (Western Europe/Western Africa),Sandwich tern ,B,530,Pairs,530 p,5 year mean 1993-1997,Nationally important population (GB breeding),5.03037205770691,N,406892,859287
7000105,Loch of Strathbeg,UK13041,S,Classified/designatd,internationally important,038,Cygnus cygnus (Iceland/UK/Ireland),Whooper swan ,W,290,Individuals,290 i,5 year peak mean 1998/9-2002/3,International population (Wintering),1.38755980861244,N,406892,859287
7000105,Loch of Strathbeg,UK13041,S,Classified/designatd,internationally important,040,Anser brachyrhynchus (Eastern Greenland/Iceland/UK),Pink-footed goose ,P,34797,Individuals,34797 i,5 year peak mean 1998/9-2002/3,International population (passage),14.49875,N,406892,859287
7000105,Loch of Strathbeg,UK13041,S,Classified/designatd,internationally important,043a,Anser anser [Iceland/UK/Ireland],Greylag goose ,W,560,Individuals,560 i,5 year peak mean for 1995/6-1999/2000,Nationally important population (GB wintering),0.683760683760684,N,406892,859287
7000105,Loch of Strathbeg,UK13041,S,Classified/designatd,nationally important,068,Mergellus albellus,Smew ,W,4,Individuals,4 i,5 year peak mean 1998/9-2002/3,Nationally important population (GB wintering),1.08108108108108,N,406892,859287
7000105,Loch of Strathbeg,UK13041,S,Classified/designatd,nationally important,164,Tringa nebularia (Europe/Western Africa),Common greenshank ,P,8,Individuals,8 i,5 year peak mean 1998/9-2002/3,Nationally important population (GB passage),1.34003350083752,N,406892,859287
7000105,Loch of Strathbeg,UK13041,S,Classified/designatd,internationally important,WATR,Waterfowl assemblage,Waterfowl assemblage,W,47841,Individuals,47841 i,5 year peak mean 1998/9-2002/3,Waterfowl assemblage - wintering,,N,406892,859287
7000105,Loch of Strathbeg,UK13041,S,Classified/designatd,internationally important,045a,Branta leucopsis [Eastern Greenland/Scotland/Ireland],Barnacle goose ,W,3418,Individuals,3418 i,3418,International population (Wintering),6.31792975970425,N,406892,859287
7000114,Loch Ruthven,UK13042,S,Classified/designatd,nationally important,007,Podiceps auritus (North-western Europe),Slavonian grebe ,B,16,Pairs,16 p,1999-2002,Nationally important population (GB breeding),38.0952380952381,N,261738,827813
7000063,Loch Spynie,UK13043,S,Classified/designatd,internationally important,043a,Anser anser [Iceland/UK/Ireland],Greylag goose ,W,4700,Individuals,4700 i,5 year peak mean for 1996/7-2000/01,International population (Wintering),5.27497194163861,N,323486,866407
7000192,Lough Foyle,UK12014,NI,Classified/designatd,internationally important,157,Limosa lapponica (Western Palearctic - wintering),Bar-tailed godwit ,W,2028,Individuals,2028 i,5 year peak mean 1998/9-2002/3,International population (Wintering),1.69,N,79303.39994,588841.8053
7000192,Lough Foyle,UK12014,NI,Classified/designatd,nationally important,069,Mergus serrator (North-western/Central Europe),Red-breasted merganser ,W,36,Individuals,36 i,5 year peak mean 1998/9-2002/3,Nationally important population (all Ireland wintering),1.8,N,79303.39994,588841.8053
7000192,Lough Foyle,UK12014,NI,Classified/designatd,nationally important,130,Haematopus ostralegus (Europe & Northern/Western Africa),Eurasian oystercatcher ,W,2809,Individuals,2809 i,5 year peak mean 1998/9-2002/3,Nationally important population (all Ireland wintering),5.618,N,79303.39994,588841.8053
7000192,Lough Foyle,UK12014,NI,Classified/designatd,nationally important,164,Tringa nebularia (Europe/Western Africa),Common greenshank ,P,44,Individuals,44 i,5 year peak mean 1998/9-2002/3,Nationally important population (all Ireland passage),4.88888888888889,N,79303.39994,588841.8053
7000192,Lough Foyle,UK12014,NI,Classified/designatd,nationally important,151,Philomachus pugnax (Western Africa - wintering),Ruff ,P,5,Individuals,5 i,5 year peak mean 1998/9-2002/3,Nationally important population (all Ireland passage),25,N,79303.39994,588841.8053
7000192,Lough Foyle,UK12014,NI,Classified/designatd,nationally important,160,Numenius arquata (Europe - breeding),Eurasian curlew ,W,2162,Individuals,2162 i,5 year peak mean 1998/9-2002/3,Nationally important population (all Ireland wintering),2.47085714285714,N,79303.39994,588841.8053
7000192,Lough Foyle,UK12014,NI,Classified/designatd,nationally important,158,Numenius phaeopus (Europe/Western Africa),Whimbrel ,P,6,Individuals,6 i,5 year peak mean 1998/9-2002/3,Nationally important population (all Ireland passage),40,N,79303.39994,588841.8053
7000192,Lough Foyle,UK12014,NI,Classified/designatd,nationally important,053,Anas platyrhynchos (North-western Europe),Mallard ,P,1214,Individuals,1214 i,5 year peak mean 1998/9-2002/3,Nationally important population (all Ireland passage),2.428,N,79303.39994,588841.8053
7000192,Lough Foyle,UK12014,NI,Classified/designatd,nationally important,142,Vanellus vanellus (Europe - breeding),Northern lapwing ,W,3430,Individuals,3430 i,5 year peak mean 1998/9-2002/3,Nationally important population (all Ireland wintering),1.372,N,79303.39994,588841.8053
7000192,Lough Foyle,UK12014,NI,Classified/designatd,internationally important,038,Cygnus cygnus (Iceland/UK/Ireland),Whooper swan ,P,882,Individuals,882 i,5 year peak mean 1998/9-2002/3,International population (passage),4.2200956937799,N,79303.39994,588841.8053
7000192,Lough Foyle,UK12014,NI,Classified/designatd,nationally important,162,Tringa totanus (Eastern Atlantic - wintering),Common redshank ,W,1286,Individuals,1286 i,5 year peak mean 1998/9-2002/3,Nationally important population (all Ireland wintering),5.24897959183673,N,79303.39994,588841.8053
7000192,Lough Foyle,UK12014,NI,Classified/designatd,nationally important,036,Cygnus olor (Britain),Mute swan ,W,89,Individuals,89 i,5 year peak mean 1998/9-2002/3,Nationally important population (all Ireland wintering),,N,79303.39994,588841.8053
7000192,Lough Foyle,UK12014,NI,Classified/designatd,nationally important,149,Calidris alpina alpina (Northern Siberia/Europe/Western Africa),Dunlin ,W,4595,Individuals,4595 i,5 year peak mean 1998/9-2002/3,Nationally important population (all Ireland wintering),3.676,N,79303.39994,588841.8053
7000192,Lough Foyle,UK12014,NI,Classified/designatd,nationally important,063,Somateria mollissima (Britain/Ireland),Common eider ,P,231,Individuals,231 i,5 year peak mean 1998/9-2002/3,Nationally important population (all Ireland passage),11.55,N,79303.39994,588841.8053
7000192,Lough Foyle,UK12014,NI,Classified/designatd,internationally important,046b,Branta bernicla hrota [Canada/Ireland],Light-bellied brent goose,P,2270,Individuals,2270 i,5 year peak mean 1998/9-2002/3,International population (passage),11.35,N,79303.39994,588841.8053
7000192,Lough Foyle,UK12014,NI,Classified/designatd,nationally important,052,Anas crecca (North-western Europe),Eurasian teal ,P,1232,Individuals,1232 i,5 year peak mean 1998/9-2002/3,Nationally important population (all Ireland passage),1.89538461538462,N,79303.39994,588841.8053
7000192,Lough Foyle,UK12014,NI,Classified/designatd,nationally important,001,Gavia stellata (North-western Europe - wintering),Red-throated diver ,W,14,Individuals,14 i,5 year peak mean 1998/9-2002/3,Nationally important population (all Ireland wintering),1.4,N,79303.39994,588841.8053
7000192,Lough Foyle,UK12014,NI,Classified/designatd,nationally important,050,Anas penelope (Western Siberia/North-western/North-eastern Europe),Eurasian wigeon ,P,7259,Individuals,7259 i,5 year peak mean 1998/9-2002/3,Nationally important population (all Ireland passage),5.8072,N,79303.39994,588841.8053
7000192,Lough Foyle,UK12014,NI,Classified/designatd,nationally important,182,Larus canus (West and Central Europe),Mew gull ,P,3760,Individuals,3760 i,5 year peak mean 1998/9-2002/3,Nationally important population (all Ireland passage),5.57037037037037,N,79303.39994,588841.8053
7000192,Lough Foyle,UK12014,NI,Classified/designatd,nationally important,005,Podiceps cristatus (North-western Europe - wintering),Great crested grebe ,P,179,Individuals,179 i,5 year peak mean 1998/9-2002/3,Nationally important population (all Ireland passage),5.11428571428571,N,79303.39994,588841.8053
7000192,Lough Foyle,UK12014,NI,Classified/designatd,nationally important,007,Podiceps auritus (North-western Europe),Slavonian grebe ,W,6,Individuals,6 i,5 year peak mean 1998/9-2002/3,Nationally important population (all Ireland wintering),20,N,79303.39994,588841.8053
7000192,Lough Foyle,UK12014,NI,Classified/designatd,nationally important,043a,Anser anser [Iceland/UK/Ireland],Greylag goose ,W,67,Individuals,67 i,,Nationally important population (all Ireland wintering),1.76315789473684,N,79303.39994,588841.8053
7000192,Lough Foyle,UK12014,NI,Classified/designatd,nationally important,137,Charadrius hiaticula (Europe/Northern Africa - wintering),Ringed plover ,P,199,Individuals,199 i,5 year peak mean 1998/9-2002/3 - spring peak,Nationally important population (all Ireland passage),1.592,N,79303.39994,588841.8053
7000192,Lough Foyle,UK12014,NI,Classified/designatd,nationally important,017,Phalacrocorax carbo (North-western Europe),Great cormorant ,P,102,Individuals,102 i,5 year peak mean 1998/9-2002/3,Nationally important population (all Ireland passage),2.04,N,79303.39994,588841.8053
7000192,Lough Foyle,UK12014,NI,Classified/designatd,nationally important,048,Tadorna tadorna (North-western Europe),Common shelduck ,W,382,Individuals,382 i,5 year peak mean 1998/9-2002/3,Nationally important population (all Ireland wintering),5.45714285714286,N,79303.39994,588841.8053
7000010,Lough Neagh and Lough Beg,UK12016,NI,Classified/designatd,nationally important,183,Larus fuscus (Western Europe/Mediterranean/Western Africa),Lesser black-backed gull ,B,451,,451 n,Seabird 2000 Census,Nationally important population (all Ireland breeding),8.67307692307692,N,115083.5766,528322.203
7000010,Lough Neagh and Lough Beg,UK12016,NI,Classified/designatd,nationally important,193,Sterna hirundo (Northern/Eastern Europe - breeding),Common tern ,B,93,,93 n,Seabird 2000 Census,Nationally important population (all Ireland breeding),3,N,115083.5766,528322.203
7000010,Lough Neagh and Lough Beg,UK12016,NI,Classified/designatd,nationally important,183,Larus fuscus (Western Europe/Mediterranean/Western Africa),Lesser black-backed gull ,P,1174,Individuals,1174 i,5 year peak mean 1998/9-2002/3,Nationally important population (all Ireland passage),1.67714285714286,N,115083.5766,528322.203
7000010,Lough Neagh and Lough Beg,UK12016,NI,Classified/designatd,nationally important,179,Larus ridibundus (North-western Europe - breeding),Black-headed gull ,B,3269,,3269 n,Seabird 2000 Census,Nationally important population (all Ireland breeding),6.07620817843866,N,115083.5766,528322.203
7000010,Lough Neagh and Lough Beg,UK12016,NI,Classified/designatd,internationally important,WATR,Waterfowl assemblage,Waterfowl assemblage,W,86639,Individuals,86639 i,5 year peak mean 1998/9-2002/3,Waterfowl assemblage - wintering,,N,115083.5766,528322.203
7000010,Lough Neagh and Lough Beg,UK12016,NI,Classified/designatd,internationally important,059,Aythya ferina (North-western/North-eastern Europe),Common pochard ,W,20279,Individuals,20279 i,5 year peak mean 1998/9-2002/3,International population (Wintering),5.794,N,115083.5766,528322.203
7000010,Lough Neagh and Lough Beg,UK12016,NI,Classified/designatd,internationally important,017,Phalacrocorax carbo (North-western Europe),Great cormorant ,P,1628,Individuals,1628 i,5 year peak mean 1998/9-2002/3,International population (passage),1.35666666666667,N,115083.5766,528322.203
7000010,Lough Neagh and Lough Beg,UK12016,NI,Classified/designatd,nationally important,005,Podiceps cristatus (North-western Europe - wintering),Great crested grebe ,P,1227,Individuals,1227 i,5 year peak mean 1998/9-2002/3,Nationally important population (all Ireland passage),35.0571428571429,N,115083.5766,528322.203
7000010,Lough Neagh and Lough Beg,UK12016,NI,Classified/designatd,nationally important,004,Tachybaptus ruficollis (Western Palearctic),Little grebe ,W,355,Individuals,355 i,5 year peak mean 1998/9-2002/3,Nationally important population (all Ireland wintering),7.1,N,115083.5766,528322.203
7000010,Lough Neagh and Lough Beg,UK12016,NI,Classified/designatd,internationally important,037,Cygnus columbianus bewickii (Western Siberia/North-eastern & North-western Europe),Tundra swan ,P,26,Individuals,26 i,5 year peak mean 1998/9-2002/3,Nationally important population (all Ireland passage),0.1,N,115083.5766,528322.203
7000010,Lough Neagh and Lough Beg,UK12016,NI,Classified/designatd,internationally important,038,Cygnus cygnus (Iceland/UK/Ireland),Whooper swan ,W,1523,Individuals,1523 i,5 year peak mean 1998/9-2002/3,International population (Wintering),7.28708133971292,N,115083.5766,528322.203
7000010,Lough Neagh and Lough Beg,UK12016,NI,Classified/designatd,nationally important,048,Tadorna tadorna (North-western Europe),Common shelduck ,W,138,Individuals,138 i,5 year peak mean 1998/9-2002/3,Nationally important population (all Ireland wintering),1.97142857142857,N,115083.5766,528322.203
7000010,Lough Neagh and Lough Beg,UK12016,NI,Classified/designatd,nationally important,050,Anas penelope (Western Siberia/North-western/North-eastern Europe),Eurasian wigeon ,W,3012,Individuals,3012 i,5 year peak mean 1998/9-2002/3,Nationally important population (all Ireland wintering),2.4096,N,115083.5766,528322.203
7000010,Lough Neagh and Lough Beg,UK12016,NI,Classified/designatd,nationally important,051,Anas strepera (North-western Europe),Gadwall ,P,126,Individuals,126 i,5 year peak mean 1998/9-2002/3,Nationally important population (all Ireland passage),21,N,115083.5766,528322.203
7000010,Lough Neagh and Lough Beg,UK12016,NI,Classified/designatd,nationally important,125,Fulica atra (North-western Europe - wintering),Common coot ,P,5680,Individuals,5680 i,5 year peak mean 1998/9-2002/3,Nationally important population (all Ireland passage),22.72,N,115083.5766,528322.203
7000010,Lough Neagh and Lough Beg,UK12016,NI,Classified/designatd,nationally important,053,Anas platyrhynchos (North-western Europe),Mallard ,P,5136,Individuals,5136 i,5 year peak mean 1998/9-2002/3,Nationally important population (all Ireland passage),10.272,N,115083.5766,528322.203
7000010,Lough Neagh and Lough Beg,UK12016,NI,Classified/designatd,internationally important,036,Cygnus olor (Britain),Mute swan ,P,1874,Individuals,1874 i,5 year peak mean 1998/9-2002/3,International population (passage),4.99733333333333,N,115083.5766,528322.203
7000010,Lough Neagh and Lough Beg,UK12016,NI,Classified/designatd,internationally important,061,Aythya fuligula (North-western Europe),Tufted duck ,W,17807,Individuals,17807 i,5 year peak mean 1998/9-2002/3,International population (Wintering),1.48391666666667,N,115083.5766,528322.203
7000010,Lough Neagh and Lough Beg,UK12016,NI,Classified/designatd,internationally important,062,Aythya marila (Northern/Western Europe),Greater scaup ,W,3377,Individuals,3377 i,5 year peak mean 1998/9-2002/3,International population (Wintering),1.08935483870968,N,115083.5766,528322.203
7000010,Lough Neagh and Lough Beg,UK12016,NI,Classified/designatd,internationally important,067,Bucephala clangula (North-western/Central Europe),Common goldeneye ,W,6645,Individuals,6645 i,5 year peak mean 1998/9-2002/3,International population (Wintering),1.66125,N,115083.5766,528322.203
7000010,Lough Neagh and Lough Beg,UK12016,NI,Classified/designatd,nationally important,069,Mergus serrator (North-western/Central Europe),Red-breasted merganser ,P,25,Individuals,25 i,5 year peak mean 1998/9-2002/3,Nationally important population (all Ireland passage),1.25,N,115083.5766,528322.203
7000010,Lough Neagh and Lough Beg,UK12016,NI,Classified/designatd,nationally important,140,Pluvialis apricaria [North-western Europe - breeding],European golden plover ,W,8249,Individuals,8249 i,5 year peak mean 1998/9-2002/3,Nationally important population (all Ireland wintering),4.1245,N,115083.5766,528322.203
7000010,Lough Neagh and Lough Beg,UK12016,NI,Classified/designatd,nationally important,142,Vanellus vanellus (Europe - breeding),Northern lapwing ,W,10968,Individuals,10968 i,5 year peak mean 1998/9-2002/3,Nationally important population (all Ireland wintering),4.3872,N,115083.5766,528322.203
7000010,Lough Neagh and Lough Beg,UK12016,NI,Classified/designatd,nationally important,182,Larus canus (West and Central Europe),Mew gull ,W,765,Individuals,765 i,5 year peak mean 1998/9-2002/3,Nationally important population (all Ireland wintering),1.13333333333333,N,115083.5766,528322.203
7000010,Lough Neagh and Lough Beg,UK12016,NI,Classified/designatd,nationally important,052,Anas crecca (North-western Europe),Eurasian teal ,W,1878,Individuals,1878 i,5 year peak mean 1998/9-2002/3,Nationally important population (all Ireland wintering),2.88923076923077,N,115083.5766,528322.203
7000073,Lower Derwent Valley,UK11037,E,Classified/designatd,nationally important,038,Cygnus cygnus (Iceland/UK/Ireland),Whooper swan ,W,63,Individuals,63 i,5 year peak mean 1998/9-2002/3,Nationally important population (GB wintering),1.1013986013986,N,470572.3,443710.1
7000073,Lower Derwent Valley,UK11037,E,Classified/designatd,nationally important,053,Anas platyrhynchos (North-western Europe),Mallard ,W,3850,Individuals,3850 i,5 year peak mean 1998/9-2002/3,Nationally important population (GB wintering),1.09375,N,470572.3,443710.1
7000073,Lower Derwent Valley,UK11037,E,Classified/designatd,nationally important,051,Anas strepera (North-western Europe),Gadwall ,W,286,Individuals,286 i,5 year peak mean 1998/9-2002/3,Nationally important population (GB wintering),1.67251461988304,N,470572.3,443710.1
7000073,Lower Derwent Valley,UK11037,E,Classified/designatd,internationally important,052,Anas crecca (North-western Europe),Eurasian teal ,W,4200,Individuals,4200 i,5 year peak mean 1998/9-2002/3,International population (Wintering),1.05,N,470572.3,443710.1
7000073,Lower Derwent Valley,UK11037,E,Classified/designatd,nationally important,179,Larus ridibundus (North-western Europe - breeding),Black-headed gull ,B,2240,Pairs,2240 p,5 year mean 1994-1998,Nationally important population (GB breeding),1.75127240885956,N,470572.3,443710.1
7000073,Lower Derwent Valley,UK11037,E,Classified/designatd,nationally important,054,Anas acuta (North-western Europe),Northern pintail ,W,295,Individuals,295 i,5 year peak mean 1998/9-2002/3,Nationally important population (GB wintering),1.0573476702509,N,470572.3,443710.1
7000073,Lower Derwent Valley,UK11037,E,Classified/designatd,nationally important,056,Anas clypeata (North-western/Central Europe),Northern shoveler ,W,232,Individuals,232 i,5 year peak mean 1998/9-2002/3,Nationally important population (GB wintering),1.56756756756757,N,470572.3,443710.1
7000073,Lower Derwent Valley,UK11037,E,Classified/designatd,nationally important,118,Rallus aquaticus (Europe),Water rail ,W,8,Individuals,8 i,5 year peak mean 1998/9-2002/3,Nationally important population (GB wintering),1.77777777777778,N,470572.3,443710.1
7000073,Lower Derwent Valley,UK11037,E,Classified/designatd,nationally important,140,Pluvialis apricaria [North-western Europe - breeding],European golden plover ,W,4800,Individuals,4800 i,5 year peak mean 1998/9-2002/3,Nationally important population (GB wintering),1.92,N,470572.3,443710.1
7000073,Lower Derwent Valley,UK11037,E,Classified/designatd,internationally important,WATR,Waterfowl assemblage,Waterfowl assemblage,W,31942,Individuals,31942 i,5 year peak mean 1998/9-2002/3,Waterfowl assemblage - wintering,,N,470572.3,443710.1
7000073,Lower Derwent Valley,UK11037,E,Classified/designatd,nationally important,008,Podiceps nigricollis (Western Palearctic),Black-necked grebe ,B,11,Pairs,11 p,5 year mean 1994-1998,Nationally important population (GB breeding),35.4838709677419,N,470572.3,443710.1
7000073,Lower Derwent Valley,UK11037,E,Classified/designatd,nationally important,021,Botaurus stellaris (Europe - breeding),Great bittern ,B,1,Individuals,1 i,5 year mean 1994-1998,Nationally important population (GB breeding),4.76190476190476,N,470572.3,443710.1
7000073,Lower Derwent Valley,UK11037,E,Classified/designatd,nationally important,055,Anas querquedula (Western Siberia/Europe/Western Africa ),Garganey ,B,15,Pairs,15 p,5 year mean 1994-1998,Nationally important population (GB breeding),65.2173913043478,N,470572.3,443710.1
7000073,Lower Derwent Valley,UK11037,E,Classified/designatd,nationally important,119,Porzana porzana (Europe/Africa),Spotted crake ,B,9,Individuals,9 i,5 year mean 1994-1998,Nationally important population (GB breeding),12.3287671232877,N,470572.3,443710.1
7000073,Lower Derwent Valley,UK11037,E,Classified/designatd,nationally important,113,Coturnix coturnix,Common quail ,B,41,Pairs,41 p,5 year mean 1994-1998,Nationally important population (GB breeding),7.96116504854369,N,470572.3,443710.1
7000073,Lower Derwent Valley,UK11037,E,Classified/designatd,nationally important,151,Philomachus pugnax (Western Africa - wintering),Ruff ,W,115,Individuals,115 i,5 year peak mean 1998/9-2002/3,Nationally important population (GB wintering),16.4285714285714,N,470572.3,443710.1
7000073,Lower Derwent Valley,UK11037,E,Classified/designatd,internationally important,050,Anas penelope (Western Siberia/North-western/North-eastern Europe),Eurasian wigeon ,W,8350,Individuals,8350 i,5 year peak mean 1998/9-2002/3,Nationally important population (GB wintering),2.05665024630542,N,470572.3,443710.1
7000034,Martin Mere,UK11039,E,Classified/designatd,internationally important,038,Cygnus cygnus (Iceland/UK/Ireland),Whooper swan ,W,1320,Individuals,1320 i,5 year peak mean 1998/9-2002/3,International population (Wintering),6.31578947368421,N,341998.6,414497.6
7000034,Martin Mere,UK11039,E,Classified/designatd,internationally important,WATR,Waterfowl assemblage,Waterfowl assemblage,W,25306,Individuals,25306 i,5 year peak mean 1998/9-2002/3,Waterfowl assemblage - wintering,,N,341998.6,414497.6
7000034,Martin Mere,UK11039,E,Classified/designatd,nationally important,151,Philomachus pugnax (Western Africa - wintering),Ruff ,W,139,Individuals,139 i,5 year peak mean 1998/9-2002/3,Nationally important population (GB wintering),19.8571428571429,N,341998.6,414497.6
7000034,Martin Mere,UK11039,E,Classified/designatd,nationally important,059,Aythya ferina (North-western/North-eastern Europe),Common pochard ,W,829,Individuals,829 i,5 year peak mean 1998/9-2002/3,Nationally important population (GB wintering),1.39327731092437,N,341998.6,414497.6
7000034,Martin Mere,UK11039,E,Classified/designatd,internationally important,054,Anas acuta (North-western Europe),Northern pintail ,W,415,Individuals,415 i,5 year peak mean 1998/9-2002/3,Nationally important population (GB wintering),1.48745519713262,N,341998.6,414497.6
7000034,Martin Mere,UK11039,E,Classified/designatd,nationally important,052,Anas crecca (North-western Europe),Eurasian teal ,P,3494,Individuals,3494 i,5 year peak mean 1998/9-2002/3,Nationally important population (GB passage),1.81979166666667,N,341998.6,414497.6
7000034,Martin Mere,UK11039,E,Classified/designatd,internationally important,050,Anas penelope (Western Siberia/North-western/North-eastern Europe),Eurasian wigeon ,W,3062,Individuals,3062 i,5 year peak mean 1998/9-2002/3,Nationally important population (GB wintering),0.754187192118227,N,341998.6,414497.6
7000034,Martin Mere,UK11039,E,Classified/designatd,internationally important,040,Anser brachyrhynchus (Eastern Greenland/Iceland/UK),Pink-footed goose ,P,8186,Individuals,8186 i,5 year peak mean 1998/9-2002/3,International population (passage),3.41083333333333,N,341998.6,414497.6
7000034,Martin Mere,UK11039,E,Classified/designatd,internationally important,037,Cygnus columbianus bewickii (Western Siberia/North-eastern & North-western Europe),Tundra swan ,W,61,Individuals,61 i,5 year peak mean 1998/9-2002/3,Nationally important population (GB wintering),0.755885997521685,N,341998.6,414497.6
7000034,Martin Mere,UK11039,E,Classified/designatd,nationally important,161,Tringa erythropus (Europe/Western Africa),Spotted redshank ,W,2,Individuals,2 i,,Nationally important population (GB wintering),1.47058823529412,N,341998.6,414497.6
7000034,Martin Mere,UK11039,E,Classified/designatd,nationally important,048,Tadorna tadorna (North-western Europe),Common shelduck ,W,936,Individuals,936 i,5 year peak mean 1998/9-2002/3,Nationally important population (GB wintering),1.19693094629156,N,341998.6,414497.6
7000076,Medway Estuary and Marshes,UK11040,E,Classified/designatd,nationally important,017,Phalacrocorax carbo (North-western Europe),Great cormorant ,P,271,Individuals,271 i,5 year peak mean 1998/9-2002/3,Nationally important population (GB passage),1.17826086956522,N,586205.9,170296.3
7000076,Medway Estuary and Marshes,UK11040,E,Classified/designatd,nationally important,132,Recurvirostra avosetta (Western Europe/Western Mediterranean - breeding),Pied avocet ,P,645,Individuals,645 i,5 year peak mean 1998/9-2002/3,Nationally important population (GB passage),18.9985272459499,N,586205.9,170296.3
7000076,Medway Estuary and Marshes,UK11040,E,Classified/designatd,nationally important,191,Sterna sandvicensis (Western Europe/Western Africa),Sandwich tern ,B,333,,333 n,Seabird 2000 Census,Nationally important population (GB breeding),3.16059225512529,N,586205.9,170296.3
7000076,Medway Estuary and Marshes,UK11040,E,Classified/designatd,nationally important,193,Sterna hirundo (Northern/Eastern Europe - breeding),Common tern ,B,228,,228 n,Seabird 2000 Census,Nationally important population (GB breeding),2.24985198342214,N,586205.9,170296.3
7000076,Medway Estuary and Marshes,UK11040,E,Classified/designatd,nationally important,026,Egretta garzetta (Sub-Saharan Africa - breeding),Little egret ,P,125,Individuals,125 i,5 year peak mean 1998/9-2002/3,Nationally important population (GB passage),7.57575757575758,N,586205.9,170296.3
7000076,Medway Estuary and Marshes,UK11040,E,Classified/designatd,internationally important,048,Tadorna tadorna (North-western Europe),Common shelduck ,W,2627,Individuals,2627 i,5 year peak mean 1998/9-2002/3,Nationally important population (GB wintering),3.35933503836317,N,586205.9,170296.3
7000076,Medway Estuary and Marshes,UK11040,E,Classified/designatd,internationally important,054,Anas acuta (North-western Europe),Northern pintail ,W,1118,Individuals,1118 i,5 year peak mean 1998/9-2002/3,International population (Wintering),1.86333333333333,N,586205.9,170296.3
7000076,Medway Estuary and Marshes,UK11040,E,Classified/designatd,nationally important,130,Haematopus ostralegus (Europe & Northern/Western Africa),Eurasian oystercatcher ,W,3632,Individuals,3632 i,5 year peak mean 1998/9-2002/3,Nationally important population (GB wintering),1.15228426395939,N,586205.9,170296.3
7000076,Medway Estuary and Marshes,UK11040,E,Classified/designatd,internationally important,137,Charadrius hiaticula (Europe/Northern Africa - wintering),Ringed plover ,W,540,Individuals,540 i,5 year peak mean 1998/9-2002/3,Nationally important population (GB wintering),1.66409861325116,N,586205.9,170296.3
7000076,Medway Estuary and Marshes,UK11040,E,Classified/designatd,nationally important,140,Pluvialis apricaria [North-western Europe - breeding],European golden plover ,W,4500,Individuals,4500 i,5 year peak mean 1998/9-2002/3,Nationally important population (GB wintering),1.8,N,586205.9,170296.3
7000076,Medway Estuary and Marshes,UK11040,E,Classified/designatd,internationally important,046a,Branta bernicla bernicla (Western Siberia/Western Europe),Dark-bellied brent goose,W,2575,Individuals,2575 i,5 year peak mean 1998/9-2002/3,International population (Wintering),1.19767441860465,N,586205.9,170296.3
7000076,Medway Estuary and Marshes,UK11040,E,Classified/designatd,internationally important,143,Calidris canutus (North-eastern Canada/Greenland/Iceland/North-western Europe),Red knot ,W,3021,Individuals,3021 i,5 year peak mean 1998/9-2002/3,Nationally important population (GB wintering),1.06523272214386,N,586205.9,170296.3
7000076,Medway Estuary and Marshes,UK11040,E,Classified/designatd,nationally important,176,Larus melanocephalus,Mediterranean gull ,B,10,,10 n,Seabird 2000 Census,Nationally important population (GB breeding),9.25925925925926,N,586205.9,170296.3
7000076,Medway Estuary and Marshes,UK11040,E,Classified/designatd,internationally important,149,Calidris alpina alpina (Northern Siberia/Europe/Western Africa),Dunlin ,W,8263,Individuals,8263 i,5 year peak mean 1998/9-2002/3,Nationally important population (GB wintering),1.48668585822238,N,586205.9,170296.3
7000076,Medway Estuary and Marshes,UK11040,E,Classified/designatd,internationally important,156,Limosa limosa islandica (Iceland - breeding),Black-tailed godwit ,P,721,Individuals,721 i,5 year peak mean 1998/9-2002/3,International population (passage),2.06,N,586205.9,170296.3
7000076,Medway Estuary and Marshes,UK11040,E,Classified/designatd,nationally important,158,Numenius phaeopus (Europe/Western Africa),Whimbrel ,P,49,Individuals,49 i,5 year peak mean 1998/9-2002/3,Nationally important population (GB passage),1.63333333333333,N,586205.9,170296.3
7000076,Medway Estuary and Marshes,UK11040,E,Classified/designatd,nationally important,160,Numenius arquata (Europe - breeding),Eurasian curlew ,P,3575,Individuals,3575 i,5 year peak mean 1998/9-2002/3,Nationally important population (GB passage),2.43031951053705,N,586205.9,170296.3
7000076,Medway Estuary and Marshes,UK11040,E,Classified/designatd,internationally important,162,Tringa totanus (Eastern Atlantic - wintering),Common redshank ,P,3709,Individuals,3709 i,5 year peak mean 1998/9-2002/3,International population (passage),1.4836,N,586205.9,170296.3
7000076,Medway Estuary and Marshes,UK11040,E,Classified/designatd,nationally important,164,Tringa nebularia (Europe/Western Africa),Common greenshank ,P,68,Individuals,68 i,5 year peak mean 1998/9-2002/3,Nationally important population (GB passage),11.3902847571189,N,586205.9,170296.3
7000076,Medway Estuary and Marshes,UK11040,E,Classified/designatd,nationally important,169,Arenaria interpres (Western Palearctic - wintering),Ruddy turnstone ,P,600,Individuals,600 i,5 year peak mean 1998/9-2002/3,Nationally important population (GB passage),1.2108980827447,N,586205.9,170296.3
7000076,Medway Estuary and Marshes,UK11040,E,Classified/designatd,internationally important,WATR,Waterfowl assemblage,Waterfowl assemblage,W,47637,Individuals,47637 i,5 year peak mean 1998/9-2002/3,Waterfowl assemblage - wintering,,N,586205.9,170296.3
7000076,Medway Estuary and Marshes,UK11040,E,Classified/designatd,nationally important,179,Larus ridibundus (North-western Europe - breeding),Black-headed gull ,B,7050,,7050 n,Seabird 2000 Census,Nationally important population (GB breeding),5.5118171796696,N,586205.9,170296.3
7000076,Medway Estuary and Marshes,UK11040,E,Classified/designatd,internationally important,141,Pluvialis squatarola (Eastern Atlantic - wintering),Grey plover ,P,3103,Individuals,3103 i,5 year peak mean 1998/9-2002/3,International population (passage),1.25627530364372,N,586205.9,170296.3
7000076,Medway Estuary and Marshes,UK11040,E,Classified/designatd,nationally important,056,Anas clypeata (North-western/Central Europe),Northern shoveler ,W,214,Individuals,214 i,5 year peak mean 1998/9-2002/3,Nationally important population (GB wintering),1.44594594594595,N,586205.9,170296.3
7000076,Medway Estuary and Marshes,UK11040,E,Classified/designatd,nationally important,195,Sterna albifrons (Eastern Atlantic - breeding),Little tern ,B,28,Pairs,28 p,5 year mean 1991-1995,Nationally important population (GB breeding),1.43810991268618,N,586205.9,170296.3
7000108,Mersey Estuary,UK11041,E,Classified/designatd,nationally important,161,Tringa erythropus (Europe/Western Africa),Spotted redshank ,P,3,Individuals,3 i,5 year peak mean 1998/9-2002/3,Nationally important population (GB passage),2.20588235294118,N,345100,380000
7000108,Mersey Estuary,UK11041,E,Classified/designatd,internationally important,048,Tadorna tadorna (North-western Europe),Common shelduck ,P,12676,Individuals,12676 i,5 year peak mean 1998/9-2002/3,International population (passage),4.22533333333333,N,345100,380000
7000108,Mersey Estuary,UK11041,E,Classified/designatd,internationally important,WATR,Waterfowl assemblage,Waterfowl assemblage,W,89576,Individuals,89576 i,5 year peak mean 1998/9-2002/3,Waterfowl assemblage - wintering,,N,345100,380000
7000108,Mersey Estuary,UK11041,E,Classified/designatd,internationally important,162,Tringa totanus (Eastern Atlantic - wintering),Common redshank ,P,6651,Individuals,6651 i,5 year peak mean 1998/9-2002/3,International population (passage),2.6604,N,345100,380000
7000108,Mersey Estuary,UK11041,E,Classified/designatd,nationally important,160,Numenius arquata (Europe - breeding),Eurasian curlew ,P,2010,Individuals,2010 i,5 year peak mean 1998/9-2002/3,Nationally important population (GB passage),1.36641740312712,N,345100,380000
7000108,Mersey Estuary,UK11041,E,Classified/designatd,internationally important,156,Limosa limosa islandica (Iceland - breeding),Black-tailed godwit ,P,2011,Individuals,2011 i,5 year peak mean 1998/9-2002/3,International population (passage),5.74571428571429,N,345100,380000
7000108,Mersey Estuary,UK11041,E,Classified/designatd,internationally important,149,Calidris alpina alpina (Northern Siberia/Europe/Western Africa),Dunlin ,W,48364,Individuals,48364 i,5 year peak mean 1998/9-2002/3,International population (Wintering),3.63639097744361,N,345100,380000
7000108,Mersey Estuary,UK11041,E,Classified/designatd,nationally important,137,Charadrius hiaticula (Europe/Northern Africa - wintering),Ringed plover ,P,429,Individuals,429 i,5 year peak mean 1998/9-2002/3,Nationally important population (GB passage),1.32203389830508,N,345100,380000
7000108,Mersey Estuary,UK11041,E,Classified/designatd,internationally important,054,Anas acuta (North-western Europe),Northern pintail ,W,565,Individuals,565 i,5 year peak mean 1998/9-2002/3,Nationally important population (GB wintering),2.02508960573477,N,345100,380000
7000108,Mersey Estuary,UK11041,E,Classified/designatd,internationally important,052,Anas crecca (North-western Europe),Eurasian teal ,W,10613,Individuals,10613 i,5 year peak mean 1998/9-2002/3,International population (Wintering),2.65325,N,345100,380000
7000108,Mersey Estuary,UK11041,E,Classified/designatd,nationally important,050,Anas penelope (Western Siberia/North-western/North-eastern Europe),Eurasian wigeon ,W,8268,Individuals,8268 i,5 year peak mean 1998/9-2002/3,Nationally important population (GB wintering),2.03645320197044,N,345100,380000
7000108,Mersey Estuary,UK11041,E,Classified/designatd,nationally important,164,Tringa nebularia (Europe/Western Africa),Common greenshank ,P,6,Individuals,6 i,5 year peak mean 1998/9-2002/3,Nationally important population (GB passage),1.00502512562814,N,345100,380000
7000122,Midland Meres and Mosses Phase 2,UK11080,EW,Classified/designatd,nationally important,118,Rallus aquaticus (Europe),Water rail ,W,7,Individuals,7 i,5 year peak mean 1998/9-2002/3,Nationally important population (GB wintering),1.55555555555556,N,348762,336414
7000122,Midland Meres and Mosses Phase 2,UK11080,EW,Classified/designatd,nationally important,056,Anas clypeata (North-western/Central Europe),Northern shoveler ,P,171,Individuals,171 i,5 year peak mean 1998/9-2002/3,Nationally important population (GB passage),1.15540540540541,N,348762,336414
7000122,Midland Meres and Mosses Phase 2,UK11080,EW,Classified/designatd,nationally important,017,Phalacrocorax carbo (North-western Europe),Great cormorant ,W,323,Individuals,323 i,5 year peak mean 1998/9-2002/3,Nationally important population (GB wintering),1.40434782608696,N,348762,336414
7000122,Midland Meres and Mosses Phase 2,UK11080,EW,Classified/designatd,nationally important,021,Botaurus stellaris (Europe - breeding),Great bittern ,W,1,Individuals,1 i,5 year peak mean 1998/9-2002/3,Nationally important population (GB wintering),1,N,348762,336414
7000011,Minsmere–Walberswick,UK11044,E,Classified/designatd,nationally important,161,Tringa erythropus (Europe/Western Africa),Spotted redshank ,P,15,Individuals,15 i,5 year peak mean 1998/9-2002/3,Nationally important population (GB passage),11.0294117647059,N,647656.1,274837.7
7000011,Minsmere–Walberswick,UK11044,E,Classified/designatd,nationally important,021,Botaurus stellaris (Europe - breeding),Great bittern ,P,3,Individuals,3 i,5 year peak mean 1998/9-2002/3 - spring peak,Nationally important population (GB passage),3,N,647656.1,274837.7
7000011,Minsmere–Walberswick,UK11044,E,Classified/designatd,nationally important,051,Anas strepera (North-western Europe),Gadwall ,W,261,Individuals,261 i,5 year peak mean 1998/9-2002/3,Nationally important population (GB wintering),1.52631578947368,N,647656.1,274837.7
7000011,Minsmere–Walberswick,UK11044,E,Classified/designatd,nationally important,052,Anas crecca (North-western Europe),Eurasian teal ,P,3083,Individuals,3083 i,5 year peak mean 1998/9-2002/3,Nationally important population (GB passage),1.60572916666667,N,647656.1,274837.7
7000011,Minsmere–Walberswick,UK11044,E,Classified/designatd,nationally important,056,Anas clypeata (North-western/Central Europe),Northern shoveler ,W,238,Individuals,238 i,5 year peak mean 1998/9-2002/3,Nationally important population (GB wintering),1.60810810810811,N,647656.1,274837.7
7000011,Minsmere–Walberswick,UK11044,E,Classified/designatd,nationally important,118,Rallus aquaticus (Europe),Water rail ,W,5,Individuals,5 i,5 year peak mean 1998/9-2002/3,Nationally important population (GB wintering),1.11111111111111,N,647656.1,274837.7
7000011,Minsmere–Walberswick,UK11044,E,Classified/designatd,nationally important,132,Recurvirostra avosetta (Western Europe/Western Mediterranean - breeding),Pied avocet ,W,329,Individuals,329 i,5 year peak mean 1998/9-2002/3,Nationally important population (GB wintering),9.69072164948454,N,647656.1,274837.7
7000011,Minsmere–Walberswick,UK11044,E,Classified/designatd,nationally important,140,Pluvialis apricaria [North-western Europe - breeding],European golden plover ,W,4503,Individuals,4503 i,5 year peak mean 1998/9-2002/3,Nationally important population (GB wintering),1.8012,N,647656.1,274837.7
7000011,Minsmere–Walberswick,UK11044,E,Classified/designatd,nationally important,081,Circus aeruginosus,Eurasian marsh harrier ,B,16,Pairs,16 p,5 year mean 1993-1997,Nationally important population (GB breeding),10.5960264900662,N,647656.1,274837.7
7000011,Minsmere–Walberswick,UK11044,E,Classified/designatd,nationally important,156,Limosa limosa islandica (Iceland - breeding),Black-tailed godwit ,P,846,Individuals,846 i,5 year peak mean 1998/9-2002/3 - spring peak,Nationally important population (GB passage),5.49707602339181,N,647656.1,274837.7
7000011,Minsmere–Walberswick,UK11044,E,Classified/designatd,nationally important,179,Larus ridibundus (North-western Europe - breeding),Black-headed gull ,B,2558,,2558 n,Seabird 2000 Census,Nationally important population (GB breeding),1.99989054547445,N,647656.1,274837.7
7000011,Minsmere–Walberswick,UK11044,E,Classified/designatd,nationally important,162,Tringa totanus (Eastern Atlantic - wintering),Common redshank ,W,1386,Individuals,1386 i,5 year peak mean 1998/9-2002/3,Nationally important population (GB wintering),1.1937984496124,N,647656.1,274837.7
7000011,Minsmere–Walberswick,UK11044,E,Classified/designatd,nationally important,164,Tringa nebularia (Europe/Western Africa),Common greenshank ,P,9,Individuals,9 i,5 year peak mean 1998/9-2002/3,Nationally important population (GB passage),1.50753768844221,N,647656.1,274837.7
7000011,Minsmere–Walberswick,UK11044,E,Classified/designatd,nationally important,176,Larus melanocephalus,Mediterranean gull ,B,2,,2 n,Seabird 2000 Census,Nationally important population (GB breeding),1.85185185185185,N,647656.1,274837.7
7000011,Minsmere–Walberswick,UK11044,E,Classified/designatd,nationally important,195,Sterna albifrons (Eastern Atlantic - breeding),Little tern ,B,20,,20 n,Seabird 2000 Census,Nationally important population (GB breeding),1.02722136620442,N,647656.1,274837.7
7000011,Minsmere–Walberswick,UK11044,E,Classified/designatd,nationally important,183,Larus fuscus (Western Europe/Mediterranean/Western Africa),Lesser black-backed gull ,W,905,Individuals,905 i,5 year peak mean 1998/9-2002/3,Nationally important population (GB wintering),1.48954029988314,N,647656.1,274837.7
7000011,Minsmere–Walberswick,UK11044,E,Classified/designatd,nationally important,394,Anser albifrons albifrons (North-western Siberia/North-eastern & North-western Europe),Greater white-fronted goose ,W,212,Individuals,212 i,5 year peak mean for 1996/7-2000/01,Nationally important population (GB wintering),3.66148531951641,N,647656.1,274837.7
7000011,Minsmere–Walberswick,UK11044,E,Classified/designatd,nationally important,082,Circus cyaneus,Hen harrier,W,15,Individuals,15 i,5 year peak mean 1985/6-1989/90,Nationally important population (GB wintering),2,N,647656.1,274837.7
7000011,Minsmere–Walberswick,UK11044,E,Classified/designatd,nationally important,151,Philomachus pugnax (Western Africa - wintering),Ruff ,P,10,Individuals,10 i,5 year peak mean 1998/9-2002/3,Nationally important population (GB passage),1.42857142857143,N,647656.1,274837.7
7000091,Montrose Basin,UK13046,S,Classified/designatd,internationally important,040,Anser brachyrhynchus (Eastern Greenland/Iceland/UK),Pink-footed goose ,W,7198,Individuals,7198 i,5 year peak mean 1998/9-2002/3,International population (Wintering),2.99916666666667,N,369084,757896
7000091,Montrose Basin,UK13046,S,Classified/designatd,internationally important,162,Tringa totanus (Eastern Atlantic - wintering),Common redshank ,P,2407,Individuals,2407 i,5 year peak mean 1998/9-2002/3,Nationally important population (GB passage),2.07321274763135,N,369084,757896
7000091,Montrose Basin,UK13046,S,Classified/designatd,nationally important,161,Tringa erythropus (Europe/Western Africa),Spotted redshank ,P,3,Individuals,3 i,5 year peak mean 1998/9-2002/3,Nationally important population (GB passage),2.20588235294118,N,369084,757896
7000091,Montrose Basin,UK13046,S,Classified/designatd,nationally important,151,Philomachus pugnax (Western Africa - wintering),Ruff ,P,19,Individuals,19 i,5 year peak mean 1998/9-2002/3,Nationally important population (GB passage),2.71428571428571,N,369084,757896
7000091,Montrose Basin,UK13046,S,Classified/designatd,nationally important,143,Calidris canutus (North-eastern Canada/Greenland/Iceland/North-western Europe),Red knot ,W,3581,Individuals,3581 i,5 year peak mean 1998/9-2002/3,Nationally important population (GB wintering),1.26269393511989,N,369084,757896
7000091,Montrose Basin,UK13046,S,Classified/designatd,nationally important,063,Somateria mollissima (Britain/Ireland),Common eider ,W,2466,Individuals,2466 i,5 year peak mean 1998/9-2002/3,Nationally important population (GB wintering),3.37808219178082,N,369084,757896
7000091,Montrose Basin,UK13046,S,Classified/designatd,nationally important,050,Anas penelope (Western Siberia/North-western/North-eastern Europe),Eurasian wigeon ,W,4063,Individuals,4063 i,5 year peak mean 1998/9-2002/3,Nationally important population (GB wintering),1.00073891625616,N,369084,757896
7000091,Montrose Basin,UK13046,S,Classified/designatd,nationally important,048,Tadorna tadorna (North-western Europe),Common shelduck ,W,984,Individuals,984 i,5 year peak mean 1998/9-2002/3,Nationally important population (GB wintering),1.25831202046036,N,369084,757896
7000091,Montrose Basin,UK13046,S,Classified/designatd,nationally important,164,Tringa nebularia (Europe/Western Africa),Common greenshank ,P,30,Individuals,30 i,5 year peak mean 1998/9-2002/3,Nationally important population (GB passage),5.0251256281407,N,369084,757896
7000091,Montrose Basin,UK13046,S,Classified/designatd,internationally important,043a,Anser anser [Iceland/UK/Ireland],Greylag goose ,W,1080,Individuals,1080 i,5 year peak mean 1987/88-1991/92,International population (Wintering),1.21212121212121,N,369084,757896
7000091,Montrose Basin,UK13046,S,Classified/designatd,internationally important,WATR,Waterfowl assemblage,Waterfowl assemblage,W,29116,Individuals,29116 i,5 year peak mean 1998/9-2002/3,Waterfowl assemblage - wintering,,N,369084,757896
7000120,Moray and Nairn Coast,UK13048,S,Classified/designatd,nationally important,065,Melanitta nigra (Western Siberia/Western & Northern Europe/North-western Africa),Black (common) scoter ,W,3246,Individuals,3246 i,5 year peak mean 1998/9-2002/3,Nationally important population (GB wintering),6.492,N,297000,863000
7000120,Moray and Nairn Coast,UK13048,S,Classified/designatd,internationally important,040,Anser brachyrhynchus (Eastern Greenland/Iceland/UK),Pink-footed goose ,W,1855,Individuals,1855 i,5 year peak mean 1996-2000,International population (Wintering),0.76,N,297000,863000
7000120,Moray and Nairn Coast,UK13048,S,Classified/designatd,internationally important,043a,Anser anser [Iceland/UK/Ireland],Greylag goose ,W,3023,Individuals,3023 i,,International population (Wintering),3.39281705948373,N,297000,863000
7000120,Moray and Nairn Coast,UK13048,S,Classified/designatd,nationally important,062,Aythya marila (Northern/Western Europe),Greater scaup ,W,81,Individuals,81 i,5 year peak mean 1998/9-2002/3,Nationally important population (GB wintering),1.07142857142857,N,297000,863000
7000120,Moray and Nairn Coast,UK13048,S,Classified/designatd,internationally important,064,Clangula hyemalis (Iceland/Greenland),Long-tailed duck ,W,1366,Individuals,1366 i,5 year peak mean 1998/9-2002/3,International population (Wintering),1.0928,N,297000,863000
7000120,Moray and Nairn Coast,UK13048,S,Classified/designatd,nationally important,066,Melanitta fusca,Velvet scoter ,W,1146,Individuals,1146 i,5 year peak mean 1998/9-2002/3,Nationally important population (GB wintering),38.2,N,297000,863000
7000120,Moray and Nairn Coast,UK13048,S,Classified/designatd,internationally important,162,Tringa totanus (Eastern Atlantic - wintering),Common redshank ,W,757,Individuals,757 i,5 year peak mean 1998/9-2002/3,Nationally important population (GB wintering),0.652024117140396,N,297000,863000
7000120,Moray and Nairn Coast,UK13048,S,Classified/designatd,internationally important,WATR,Waterfowl assemblage,Waterfowl assemblage,W,22609,Individuals,22609 i,5 year peak mean 1998/9-2002/3,Waterfowl assemblage - wintering,,N,297000,863000
7000120,Moray and Nairn Coast,UK13048,S,Classified/designatd,nationally important,094,Pandion haliaetus,Osprey ,B,14,Individuals,14 i,Count as at early 1990s,Nationally important population (GB breeding),11.0236220472441,N,297000,863000
7000120,Moray and Nairn Coast,UK13048,S,Classified/designatd,nationally important,069,Mergus serrator (North-western/Central Europe),Red-breasted merganser ,P,104,Individuals,104 i,5 year peak mean 1998/9-2002/3,Nationally important population (GB passage),1.05691056910569,N,297000,863000
7000118,Morecambe Bay,UK11045,E,Classified/designatd,internationally important,054,Anas acuta (North-western Europe),Northern pintail ,P,3743,Individuals,3743 i,5 year peak mean 1998/9-2002/3,International population (passage),6.23833333333333,N,337540.4,469997.2
7000118,Morecambe Bay,UK11045,E,Classified/designatd,internationally important,144,Calidris alba (Eastern Atlantic/Western & Southern Africa - wintering),Sanderling ,P,703,Individuals,703 i,5 year peak mean 1998/9-2002/3 - spring peak,Nationally important population (GB passage),3.42259006815969,N,337540.4,469997.2
7000118,Morecambe Bay,UK11045,E,Classified/designatd,internationally important,143,Calidris canutus (North-eastern Canada/Greenland/Iceland/North-western Europe),Red knot ,W,66335,Individuals,66335 i,5 year peak mean 1998/9-2002/3,International population (Wintering),14.7411111111111,N,337540.4,469997.2
7000118,Morecambe Bay,UK11045,E,Classified/designatd,internationally important,141,Pluvialis squatarola (Eastern Atlantic - wintering),Grey plover ,P,1655,Individuals,1655 i,5 year peak mean 1998/9-2002/3,Nationally important population (GB passage),3.13744075829384,N,337540.4,469997.2
7000118,Morecambe Bay,UK11045,E,Classified/designatd,internationally important,137,Charadrius hiaticula (Europe/Northern Africa - wintering),Ringed plover ,P,1041,Individuals,1041 i,5 year peak mean 1998/9-2002/3,International population (passage),1.42602739726027,N,337540.4,469997.2
7000118,Morecambe Bay,UK11045,E,Classified/designatd,internationally important,130,Haematopus ostralegus (Europe & Northern/Western Africa),Eurasian oystercatcher ,P,66577,Individuals,66577 i,5 year peak mean 1998/9-2002/3,International population (passage),6.5271568627451,N,337540.4,469997.2
7000118,Morecambe Bay,UK11045,E,Classified/designatd,internationally important,069,Mergus serrator (North-western/Central Europe),Red-breasted merganser ,W,327,Individuals,327 i,5 year peak mean 1998/9-2002/3,Nationally important population (GB wintering),3.32317073170732,N,337540.4,469997.2
7000118,Morecambe Bay,UK11045,E,Classified/designatd,internationally important,005,Podiceps cristatus (North-western Europe - wintering),Great crested grebe ,W,217,Individuals,217 i,5 year peak mean 1998/9-2002/3,Nationally important population (GB wintering),1.36477987421384,N,337540.4,469997.2
7000118,Morecambe Bay,UK11045,E,Classified/designatd,internationally important,063,Somateria mollissima (Britain/Ireland),Common eider ,P,5657,Individuals,5657 i,5 year peak mean 1998/9-2002/3,Nationally important population (GB passage),7.74931506849315,N,337540.4,469997.2
7000118,Morecambe Bay,UK11045,E,Classified/designatd,nationally important,156,Limosa limosa islandica (Iceland - breeding),Black-tailed godwit ,W,218,Individuals,218 i,5 year peak mean 1998/9-2002/3,Nationally important population (GB wintering),1.41650422352177,N,337540.4,469997.2
7000118,Morecambe Bay,UK11045,E,Classified/designatd,nationally important,052,Anas crecca (North-western Europe),Eurasian teal ,W,2363,Individuals,2363 i,5 year peak mean 1998/9-2002/3,Nationally important population (GB wintering),1.23072916666667,N,337540.4,469997.2
7000118,Morecambe Bay,UK11045,E,Classified/designatd,internationally important,050,Anas penelope (Western Siberia/North-western/North-eastern Europe),Eurasian wigeon ,W,6133,Individuals,6133 i,5 year peak mean 1998/9-2002/3,Nationally important population (GB wintering),1.51059113300493,N,337540.4,469997.2
7000118,Morecambe Bay,UK11045,E,Classified/designatd,internationally important,048,Tadorna tadorna (North-western Europe),Common shelduck ,P,7032,Individuals,7032 i,5 year peak mean 1998/9-2002/3,International population (passage),2.344,N,337540.4,469997.2
7000118,Morecambe Bay,UK11045,E,Classified/designatd,internationally important,040,Anser brachyrhynchus (Eastern Greenland/Iceland/UK),Pink-footed goose ,W,3665,Individuals,3665 i,5 year peak mean 1998/9-2002/3,International population (Wintering),1.52708333333333,N,337540.4,469997.2
7000118,Morecambe Bay,UK11045,E,Classified/designatd,internationally important,017,Phalacrocorax carbo (North-western Europe),Great cormorant ,P,967,Individuals,967 i,5 year peak mean 1998/9-2002/3,Nationally important population (GB passage),4.20434782608696,N,337540.4,469997.2
7000118,Morecambe Bay,UK11045,E,Classified/designatd,internationally important,067,Bucephala clangula (North-western/Central Europe),Common goldeneye ,W,285,Individuals,285 i,5 year peak mean 1998/9-2002/3,Nationally important population (GB wintering),1.14457831325301,N,337540.4,469997.2
7000118,Morecambe Bay,UK11045,E,Classified/designatd,nationally important,164,Tringa nebularia (Europe/Western Africa),Common greenshank ,P,79,Individuals,79 i,5 year peak mean 1998/9-2002/3,Nationally important population (GB passage),13.2328308207705,N,337540.4,469997.2
7000118,Morecambe Bay,UK11045,E,Classified/designatd,nationally important,179,Larus ridibundus (North-western Europe - breeding),Black-headed gull ,B,1620,,1620 n,Seabird 2000 Census,Nationally important population (GB breeding),1.2665452242645,N,337540.4,469997.2
7000118,Morecambe Bay,UK11045,E,Classified/designatd,internationally important,183,Larus fuscus (Western Europe/Mediterranean/Western Africa),Lesser black-backed gull ,B,19666,,19666 n,Seabird 2000 Census,International population (Breeding),13.305188522871,N,337540.4,469997.2
7000118,Morecambe Bay,UK11045,E,Classified/designatd,internationally important,184,Larus argentatus (North-western Europe (breeding) and Iceland/Western Europe - breeding),Herring gull ,B,10431,,10431 n,Seabird 2000 Census,International population (Breeding),2.86960110041265,N,337540.4,469997.2
7000118,Morecambe Bay,UK11045,E,Classified/designatd,internationally important,WATR,Waterfowl assemblage,Waterfowl assemblage,W,223709,Individuals,223709 i,5 year peak mean 1998/9-2002/3,Waterfowl assemblage - wintering,,N,337540.4,469997.2
7000118,Morecambe Bay,UK11045,E,Classified/designatd,internationally important,183,Larus fuscus (Western Europe/Mediterranean/Western Africa),Lesser black-backed gull ,P,40393,Individuals,40393 i,5 year peak mean 1998/9-2002/3,International population (passage),7.69390476190476,N,337540.4,469997.2
7000118,Morecambe Bay,UK11045,E,Classified/designatd,internationally important,149,Calidris alpina alpina (Northern Siberia/Europe/Western Africa),Dunlin ,W,26416,Individuals,26416 i,5 year peak mean 1998/9-2002/3,International population (Wintering),1.98616541353383,N,337540.4,469997.2
7000118,Morecambe Bay,UK11045,E,Classified/designatd,internationally important,169,Arenaria interpres (Western Palearctic - wintering),Ruddy turnstone ,P,1371,Individuals,1371 i,5 year peak mean 1998/9-2002/3,International population (passage),1.45851063829787,N,337540.4,469997.2
7000118,Morecambe Bay,UK11045,E,Classified/designatd,nationally important,151,Philomachus pugnax (Western Africa - wintering),Ruff ,P,33,Individuals,33 i,5 year peak mean 1998/9-2002/3,Nationally important population (GB passage),4.71428571428571,N,337540.4,469997.2
7000118,Morecambe Bay,UK11045,E,Classified/designatd,internationally important,162,Tringa totanus (Eastern Atlantic - wintering),Common redshank ,P,8816,Individuals,8816 i,5 year peak mean 1998/9-2002/3,International population (passage),3.5264,N,337540.4,469997.2
7000118,Morecambe Bay,UK11045,E,Classified/designatd,nationally important,161,Tringa erythropus (Europe/Western Africa),Spotted redshank ,P,8,Individuals,8 i,5 year peak mean 1998/9-2002/3,Nationally important population (GB passage),5.88235294117647,N,337540.4,469997.2
7000118,Morecambe Bay,UK11045,E,Classified/designatd,internationally important,160,Numenius arquata (Europe - breeding),Eurasian curlew ,P,20018,Individuals,20018 i,5 year peak mean 1998/9-2002/3,International population (passage),4.76619047619048,N,337540.4,469997.2
7000118,Morecambe Bay,UK11045,E,Classified/designatd,nationally important,158,Numenius phaeopus (Europe/Western Africa),Whimbrel ,P,226,Individuals,226 i,5 year peak mean 1998/9-2002/3 - spring peak,Nationally important population (GB passage),7.53333333333333,N,337540.4,469997.2
7000118,Morecambe Bay,UK11045,E,Classified/designatd,internationally important,157,Limosa lapponica (Western Palearctic - wintering),Bar-tailed godwit ,W,4579,Individuals,4579 i,5 year peak mean 1998/9-2002/3,International population (Wintering),3.81583333333333,N,337540.4,469997.2
7000118,Morecambe Bay,UK11045,E,Classified/designatd,internationally important,140,Pluvialis apricaria [North-western Europe - breeding],European golden plover ,W,4073,Individuals,4073 i,5 year peak mean 1998/9-2002/3,Nationally important population (GB wintering),1.6292,N,337540.4,469997.2
7000118,Morecambe Bay,UK11045,E,Classified/designatd,nationally important,179,Larus ridibundus (North-western Europe - breeding),Black-headed gull ,P,19907,Individuals,19907 i,5 year peak mean 1998/9-2002/3,Nationally important population (GB passage),1.18543440719347,N,337540.4,469997.2
7000118,Morecambe Bay,UK11045,E,Classified/designatd,internationally important,191,Sterna sandvicensis (Western Europe/Western Africa),Sandwich tern ,B,290,Pairs,290 p,5 year mean for 1992 to 1996,Nationally important population (GB breeding),2.8,N,337540.4,469997.2
7000118,Morecambe Bay,UK11045,E,Classified/designatd,internationally important,142,Vanellus vanellus (Europe - breeding),Northern lapwing ,W,16492,Individuals,16492 i,5 year peak mean 1998/9-2002/3,Nationally important population (GB wintering),1.09946666666667,N,337540.4,469997.2
7000176,Muir of Dinnet,UK13049,S,Classified/designatd,internationally important,043a,Anser anser [Iceland/UK/Ireland],Greylag goose ,W,14873,Individuals,14873 i,5 year peak mean for 1996/7-2000/01,International population (Wintering),16.692480359147,N,344445.3,799500.8
7000176,Muir of Dinnet,UK13049,S,Classified/designatd,internationally important,WATR,Waterfowl assemblage,Waterfowl assemblage,W,30000,Individuals,30000 i,5 year peak mean (1993/4-1997/8),Waterfowl assemblage - wintering,,N,344445.3,799500.8
7000067,Nene Washes,UK11046,E,Classified/designatd,internationally important,037,Cygnus columbianus bewickii (Western Siberia/North-eastern & North-western Europe),Tundra swan ,W,694,Individuals,694 i,5 year peak mean 1998/9-2002/3,International population (Wintering),2.39310344827586,N,530361,299584.3
7000067,Nene Washes,UK11046,E,Classified/designatd,nationally important,140,Pluvialis apricaria [North-western Europe - breeding],European golden plover ,W,2949,Individuals,2949 i,5 year peak mean 1998/9-2002/3,Nationally important population (GB wintering),1.1796,N,530361,299584.3
7000067,Nene Washes,UK11046,E,Classified/designatd,nationally important,059,Aythya ferina (North-western/North-eastern Europe),Common pochard ,W,1795,Individuals,1795 i,5 year peak mean 1998/9-2002/3,Nationally important population (GB wintering),3.01680672268908,N,530361,299584.3
7000067,Nene Washes,UK11046,E,Classified/designatd,nationally important,056,Anas clypeata (North-western/Central Europe),Northern shoveler ,W,343,Individuals,343 i,5 year peak mean 1998/9-2002/3,Nationally important population (GB wintering),2.31756756756757,N,530361,299584.3
7000067,Nene Washes,UK11046,E,Classified/designatd,internationally important,054,Anas acuta (North-western Europe),Northern pintail ,W,1848,Individuals,1848 i,5 year peak mean 1998/9-2002/3,International population (Wintering),3.08,N,530361,299584.3
7000067,Nene Washes,UK11046,E,Classified/designatd,nationally important,052,Anas crecca (North-western Europe),Eurasian teal ,W,2015,Individuals,2015 i,5 year peak mean 1998/9-2002/3,Nationally important population (GB wintering),1.04947916666667,N,530361,299584.3
7000067,Nene Washes,UK11046,E,Classified/designatd,internationally important,156,Limosa limosa islandica (Iceland - breeding),Black-tailed godwit ,P,482,Individuals,482 i,5 year peak mean 1998/9-2002/3 - spring peak,International population (passage),1.37714285714286,N,530361,299584.3
7000067,Nene Washes,UK11046,E,Classified/designatd,nationally important,050,Anas penelope (Western Siberia/North-western/North-eastern Europe),Eurasian wigeon ,W,9651,Individuals,9651 i,5 year peak mean 1998/9-2002/3,Nationally important population (GB wintering),2.37709359605911,N,530361,299584.3
7000067,Nene Washes,UK11046,E,Classified/designatd,nationally important,151,Philomachus pugnax (Western Africa - wintering),Ruff ,W,98,Individuals,98 i,5 year peak mean 1998/9-2002/3,Nationally important population (GB wintering),14,N,530361,299584.3
7000067,Nene Washes,UK11046,E,Classified/designatd,nationally important,038,Cygnus cygnus (Iceland/UK/Ireland),Whooper swan ,W,80,Individuals,80 i,5 year peak mean 1998/9-2002/3,Nationally important population (GB wintering),1.3986013986014,N,530361,299584.3
7000013,North Norfolk Coast,UK11048,E,Classified/designatd,nationally important,141,Pluvialis squatarola (Eastern Atlantic - wintering),Grey plover ,P,2154,Individuals,2154 i,5 year peak mean 1998/9-2002/3,Nationally important population (GB passage),4.08341232227488,N,574482,344655.1
7000013,North Norfolk Coast,UK11048,E,Classified/designatd,nationally important,140,Pluvialis apricaria [North-western Europe - breeding],European golden plover ,W,3788,Individuals,3788 i,5 year peak mean 1998/9-2002/3,Nationally important population (GB wintering),1.5152,N,574482,344655.1
7000013,North Norfolk Coast,UK11048,E,Classified/designatd,internationally important,137,Charadrius hiaticula (Europe/Northern Africa - wintering),Ringed plover ,P,1740,Individuals,1740 i,5 year peak mean 1998/9-2002/3,International population (passage),2.38356164383562,N,574482,344655.1
7000013,North Norfolk Coast,UK11048,E,Classified/designatd,nationally important,130,Haematopus ostralegus (Europe & Northern/Western Africa),Eurasian oystercatcher ,W,3707,Individuals,3707 i,5 year peak mean 1998/9-2002/3,Nationally important population (GB wintering),1.17607868020305,N,574482,344655.1
7000013,North Norfolk Coast,UK11048,E,Classified/designatd,nationally important,118,Rallus aquaticus (Europe),Water rail ,W,15,Individuals,15 i,5 year peak mean 1998/9-2002/3,Nationally important population (GB wintering),3.33333333333333,N,574482,344655.1
7000013,North Norfolk Coast,UK11048,E,Classified/designatd,nationally important,069,Mergus serrator (North-western/Central Europe),Red-breasted merganser ,W,108,Individuals,108 i,5 year peak mean 1998/9-2002/3,Nationally important population (GB wintering),1.09756097560976,N,574482,344655.1
7000013,North Norfolk Coast,UK11048,E,Classified/designatd,nationally important,066,Melanitta fusca,Velvet scoter ,W,30,Individuals,30 i,5 year peak mean 1998/9-2002/3,Nationally important population (GB wintering),1,N,574482,344655.1
7000013,North Norfolk Coast,UK11048,E,Classified/designatd,internationally important,143,Calidris canutus (North-eastern Canada/Greenland/Iceland/North-western Europe),Red knot ,P,30781,Individuals,30781 i,5 year peak mean 1998/9-2002/3,International population (passage),6.84022222222222,N,574482,344655.1
7000013,North Norfolk Coast,UK11048,E,Classified/designatd,nationally important,169,Arenaria interpres (Western Palearctic - wintering),Ruddy turnstone ,P,620,Individuals,620 i,5 year peak mean 1998/9-2002/3,Nationally important population (GB passage),1.25126135216953,N,574482,344655.1
7000013,North Norfolk Coast,UK11048,E,Classified/designatd,nationally important,176,Larus melanocephalus,Mediterranean gull ,B,2,,2 n,Seabird 2000 Census,Nationally important population (GB breeding),1.85185185185185,N,574482,344655.1
7000013,North Norfolk Coast,UK11048,E,Classified/designatd,internationally important,195,Sterna albifrons (Eastern Atlantic - breeding),Little tern ,B,291,,291 n,Seabird 2000 Census,International population (Breeding),2.5359477124183,N,574482,344655.1
7000013,North Norfolk Coast,UK11048,E,Classified/designatd,internationally important,193,Sterna hirundo (Northern/Eastern Europe - breeding),Common tern ,B,408,,408 n,Seabird 2000 Census,Nationally important population (GB breeding),4.02605091770278,N,574482,344655.1
7000013,North Norfolk Coast,UK11048,E,Classified/designatd,nationally important,192,Sterna dougallii (Europe - breeding),Roseate tern ,B,1,,1 n,Seabird 2000 Census,Nationally important population (GB breeding),1.92307692307692,N,574482,344655.1
7000013,North Norfolk Coast,UK11048,E,Classified/designatd,internationally important,191,Sterna sandvicensis (Western Europe/Western Africa),Sandwich tern ,B,4275,,4275 n,Seabird 2000 Census,International population (Breeding),7.77272727272727,N,574482,344655.1
7000013,North Norfolk Coast,UK11048,E,Classified/designatd,nationally important,179,Larus ridibundus (North-western Europe - breeding),Black-headed gull ,B,4270,,4270 n,Seabird 2000 Census,Nationally important population (GB breeding),3.33836302938854,N,574482,344655.1
7000013,North Norfolk Coast,UK11048,E,Classified/designatd,internationally important,144,Calidris alba (Eastern Atlantic/Western & Southern Africa - wintering),Sanderling ,P,1303,Individuals,1303 i,5 year peak mean 1998/9-2002/3,International population (passage),1.05934959349593,N,574482,344655.1
7000013,North Norfolk Coast,UK11048,E,Classified/designatd,nationally important,394,Anser albifrons albifrons (North-western Siberia/North-eastern & North-western Europe),Greater white-fronted goose ,W,349,Individuals,349 i,5 year peak mean for 1996/7-2000/01,Nationally important population (GB wintering),6.02763385146805,N,574482,344655.1
7000013,North Norfolk Coast,UK11048,E,Classified/designatd,nationally important,065,Melanitta nigra (Western Siberia/Western & Northern Europe/North-western Africa),Black (common) scoter ,W,3480,Individuals,3480 i,5 year peak mean 1998/9-2002/3,Nationally important population (GB wintering),6.96,N,574482,344655.1
7000013,North Norfolk Coast,UK11048,E,Classified/designatd,nationally important,164,Tringa nebularia (Europe/Western Africa),Common greenshank ,P,163,Individuals,163 i,5 year peak mean 1998/9-2002/3,Nationally important population (GB passage),27.3031825795645,N,574482,344655.1
7000013,North Norfolk Coast,UK11048,E,Classified/designatd,nationally important,162,Tringa totanus (Eastern Atlantic - wintering),Common redshank ,W,1586,Individuals,1586 i,5 year peak mean 1998/9-2002/3,Nationally important population (GB wintering),1.36606373815676,N,574482,344655.1
7000013,North Norfolk Coast,UK11048,E,Classified/designatd,nationally important,161,Tringa erythropus (Europe/Western Africa),Spotted redshank ,P,15,Individuals,15 i,5 year peak mean 1998/9-2002/3,Nationally important population (GB passage),11.0294117647059,N,574482,344655.1
7000013,North Norfolk Coast,UK11048,E,Classified/designatd,nationally important,160,Numenius arquata (Europe - breeding),Eurasian curlew ,P,2123,Individuals,2123 i,5 year peak mean 1998/9-2002/3,Nationally important population (GB passage),1.44323589394969,N,574482,344655.1
7000013,North Norfolk Coast,UK11048,E,Classified/designatd,nationally important,158,Numenius phaeopus (Europe/Western Africa),Whimbrel ,P,143,Individuals,143 i,5 year peak mean 1998/9-2002/3,Nationally important population (GB passage),4.76666666666667,N,574482,344655.1
7000013,North Norfolk Coast,UK11048,E,Classified/designatd,nationally important,151,Philomachus pugnax (Western Africa - wintering),Ruff ,P,135,Individuals,135 i,5 year peak mean 1998/9-2002/3,Nationally important population (GB passage),19.2857142857143,N,574482,344655.1
7000013,North Norfolk Coast,UK11048,E,Classified/designatd,nationally important,156,Limosa limosa islandica (Iceland - breeding),Black-tailed godwit ,P,246,Individuals,246 i,5 year peak mean 1998/9-2002/3 - spring peak,Nationally important population (GB passage),1.59844054580897,N,574482,344655.1
7000013,North Norfolk Coast,UK11048,E,Classified/designatd,internationally important,WATR,Waterfowl assemblage,Waterfowl assemblage,W,98462,Individuals,98462 i,5 year peak mean 1998/9-2002/3,Waterfowl assemblage - wintering,,N,574482,344655.1
7000013,North Norfolk Coast,UK11048,E,Classified/designatd,internationally important,046a,Branta bernicla bernicla (Western Siberia/Western Europe),Dark-bellied brent goose,W,8690,Individuals,8690 i,5 year peak mean 1998/9-2002/3,International population (Wintering),4.04186046511628,N,574482,344655.1
7000013,North Norfolk Coast,UK11048,E,Classified/designatd,internationally important,040,Anser brachyrhynchus (Eastern Greenland/Iceland/UK),Pink-footed goose ,W,16787,Individuals,16787 i,5 year peak mean 1998/9-2002/3,International population (Wintering),6.99458333333333,N,574482,344655.1
7000013,North Norfolk Coast,UK11048,E,Classified/designatd,nationally important,021,Botaurus stellaris (Europe - breeding),Great bittern ,W,2,Individuals,2 i,5 year peak mean 1998/9-2002/3,Nationally important population (GB wintering),2,N,574482,344655.1
7000013,North Norfolk Coast,UK11048,E,Classified/designatd,nationally important,017,Phalacrocorax carbo (North-western Europe),Great cormorant ,P,366,Individuals,366 i,5 year peak mean 1998/9-2002/3,Nationally important population (GB passage),1.59130434782609,N,574482,344655.1
7000013,North Norfolk Coast,UK11048,E,Classified/designatd,internationally important,054,Anas acuta (North-western Europe),Northern pintail ,W,1148,Individuals,1148 i,5 year peak mean 1998/9-2002/3,International population (Wintering),1.91333333333333,N,574482,344655.1
7000013,North Norfolk Coast,UK11048,E,Classified/designatd,internationally important,157,Limosa lapponica (Western Palearctic - wintering),Bar-tailed godwit ,P,3933,Individuals,3933 i,5 year peak mean 1998/9-2002/3,International population (passage),3.2775,N,574482,344655.1
7000013,North Norfolk Coast,UK11048,E,Classified/designatd,nationally important,026,Egretta garzetta (Sub-Saharan Africa - breeding),Little egret ,P,29,Individuals,29 i,5 year peak mean 1998/9-2002/3,Nationally important population (GB passage),1.75757575757576,N,574482,344655.1
7000013,North Norfolk Coast,UK11048,E,Classified/designatd,nationally important,048,Tadorna tadorna (North-western Europe),Common shelduck ,W,1123,Individuals,1123 i,5 year peak mean 1998/9-2002/3,Nationally important population (GB wintering),1.43606138107417,N,574482,344655.1
7000013,North Norfolk Coast,UK11048,E,Classified/designatd,nationally important,052,Anas crecca (North-western Europe),Eurasian teal ,W,3984,Individuals,3984 i,5 year peak mean 1998/9-2002/3,Nationally important population (GB wintering),2.075,N,574482,344655.1
7000013,North Norfolk Coast,UK11048,E,Classified/designatd,internationally important,050,Anas penelope (Western Siberia/North-western/North-eastern Europe),Eurasian wigeon ,W,17940,Individuals,17940 i,5 year peak mean 1998/9-2002/3,International population (Wintering),1.196,N,574482,344655.1
7000013,North Norfolk Coast,UK11048,E,Classified/designatd,nationally important,051,Anas strepera (North-western Europe),Gadwall ,P,218,Individuals,218 i,5 year peak mean 1998/9-2002/3,Nationally important population (GB passage),1.27485380116959,N,574482,344655.1
7000013,North Norfolk Coast,UK11048,E,Classified/designatd,nationally important,081,Circus aeruginosus,Eurasian marsh harrier ,B,10,Pairs,10 p,6 year mean 1992-1997,Nationally important population (GB breeding),6.62251655629139,N,574482,344655.1
7000013,North Norfolk Coast,UK11048,E,Classified/designatd,nationally important,056,Anas clypeata (North-western/Central Europe),Northern shoveler ,W,181,Individuals,181 i,5 year peak mean 1998/9-2002/3,Nationally important population (GB wintering),1.22297297297297,N,574482,344655.1
7000177,North Uist Machair and Islands,UK13050,S,Classified/designatd,internationally important,045a,Branta leucopsis [Eastern Greenland/Scotland/Ireland],Barnacle goose ,W,1422,Individuals,1422 i,5 year peak mean for 1996/7-2000/01,International population (Wintering),2.62846580406654,N,78147.29,861979.4
7000177,North Uist Machair and Islands,UK13050,S,Classified/designatd,nationally important,130,Haematopus ostralegus (Europe & Northern/Western Africa),Eurasian oystercatcher ,B,928,Pairs,928 p,"1999-2000, 2003",Nationally important population (GB breeding),2.81212121212121,N,78147.29,861979.4
7000177,North Uist Machair and Islands,UK13050,S,Classified/designatd,nationally important,122,Crex crex (Europe/Africa/Western Asia),Corn crake ,B,33,Individuals,33 i,1998-2002,Nationally important population (GB breeding),5.60271646859083,N,78147.29,861979.4
7000177,North Uist Machair and Islands,UK13050,S,Classified/designatd,internationally important,169,Arenaria interpres (Western Palearctic - wintering),Ruddy turnstone ,W,215,Individuals,215 i,5 year peak mean 1998/9-2002/3,Nationally important population (GB wintering),0.433905146316852,N,78147.29,861979.4
7000177,North Uist Machair and Islands,UK13050,S,Classified/designatd,nationally important,148,Calidris maritima (Eastern Atlantic - wintering),Purple sandpiper ,W,191,Individuals,191 i,5 year peak mean 1998/9-2002/3,Nationally important population (GB wintering),1.08956075299487,N,78147.29,861979.4
7000177,North Uist Machair and Islands,UK13050,S,Classified/designatd,nationally important,195,Sterna albifrons (Eastern Atlantic - breeding),Little tern ,B,54,,54 n,Seabird 2000 Census,Nationally important population (GB breeding),2.77349768875193,N,78147.29,861979.4
7000177,North Uist Machair and Islands,UK13050,S,Classified/designatd,internationally important,137,Charadrius hiaticula (Europe/Northern Africa - wintering),Ringed plover ,W,295,Individuals,295 i,5 year peak mean 1998/9-2002/3,Nationally important population (GB wintering),0.909090909090909,N,78147.29,861979.4
7000177,North Uist Machair and Islands,UK13050,S,Classified/designatd,internationally important,043a,Anser anser [Iceland/UK/Ireland],Greylag goose ,W,1861,Individuals,1861 i,5 year peak mean for 1996/7-2000/01,International population (Wintering),2.08866442199776,N,78147.29,861979.4
7000177,North Uist Machair and Islands,UK13050,S,Classified/designatd,internationally important,137,Charadrius hiaticula (Europe/Northern Africa - wintering),Ringed plover ,B,240,Pairs,240 p,"3 year mean, 1993-1995",International population (Breeding),2,N,78147.29,861979.4
7000177,North Uist Machair and Islands,UK13050,S,Classified/designatd,nationally important,056,Anas clypeata (North-western/Central Europe),Northern shoveler ,B,13,Pairs,13 p,"Count for 1992, 1995",Nationally important population (GB breeding),1.3,N,78147.29,861979.4
7000177,North Uist Machair and Islands,UK13050,S,Classified/designatd,nationally important,162,Tringa totanus (Eastern Atlantic - wintering),Common redshank ,B,521,Pairs,521 p,"1999-2000, 2003",Nationally important population (GB breeding),1.70261437908497,N,78147.29,861979.4
7000177,North Uist Machair and Islands,UK13050,S,Classified/designatd,internationally important,466,Calidris alpina schinzii (Baltic/UK/Ireland),Dunlin ,B,271,Pairs,271 p,"1999-2000, 2003",International population (Breeding),2.5,N,78147.29,861979.4
7000177,North Uist Machair and Islands,UK13050,S,Classified/designatd,nationally important,144,Calidris alba (Eastern Atlantic/Western & Southern Africa - wintering),Sanderling ,W,335,Individuals,335 i,5 year peak mean 1998/9-2002/3,Nationally important population (GB wintering),1.63096397273612,N,78147.29,861979.4
7000141,Northumbria Coast,UK11049,E,Classified/designatd,internationally important,169,Arenaria interpres (Western Palearctic - wintering),Ruddy turnstone ,W,978,Individuals,978 i,5 year peak mean 1998/9-2002/3,International population (Wintering),1.04042553191489,N,426025,619251
7000141,Northumbria Coast,UK11049,E,Classified/designatd,internationally important,148,Calidris maritima (Eastern Atlantic - wintering),Purple sandpiper ,W,291,Individuals,291 i,5 year peak mean 1998/9-2002/3,Nationally important population (GB wintering),1.66001140901312,N,426025,619251
7000141,Northumbria Coast,UK11049,E,Classified/designatd,nationally important,063,Somateria mollissima (Britain/Ireland),Common eider ,W,1361,Individuals,1361 i,5 year peak mean 1998/9-2002/3,Nationally important population (GB wintering),1.86438356164384,N,426025,619251
7000141,Northumbria Coast,UK11049,E,Classified/designatd,nationally important,017,Phalacrocorax carbo (North-western Europe),Great cormorant ,B,248,,248 n,Seabird 2000 Census,Nationally important population (GB breeding),2.96828246558947,N,426025,619251
7000141,Northumbria Coast,UK11049,E,Classified/designatd,nationally important,188,Rissa tridactyla (Eastern Atlantic - Breeding),Black-legged kittiwake ,B,4070,,4070 n,Seabird 2000 Census,Nationally important population (GB breeding),1.10949971649147,N,426025,619251
7000141,Northumbria Coast,UK11049,E,Classified/designatd,nationally important,194,Sterna paradisaea (Arctic - breeding/Southern Oceans - wintering),Arctic tern ,B,1200,,1200 n,Seabird 2000 Census,Nationally important population (GB breeding),2.2804583721328,N,426025,619251
7000141,Northumbria Coast,UK11049,E,Classified/designatd,internationally important,195,Sterna albifrons (Eastern Atlantic - breeding),Little tern ,B,43,,43 n,Seabird 2000 Census,Nationally important population (GB breeding),2.2085259373395,N,426025,619251
7000141,Northumbria Coast,UK11049,E,Classified/designatd,nationally important,140,Pluvialis apricaria [North-western Europe - breeding],European golden plover ,P,2911,Individuals,2911 i,5 year peak mean 1998/9-2002/3,Nationally important population (GB passage),1.1644,N,426025,619251
7000141,Northumbria Coast,UK11049,E,Classified/designatd,nationally important,144,Calidris alba (Eastern Atlantic/Western & Southern Africa - wintering),Sanderling ,W,419,Individuals,419 i,5 year peak mean 1998/9-2002/3,Nationally important population (GB wintering),2.03992210321324,N,426025,619251
7000015,Ouse Washes,UK11051,E,Classified/designatd,nationally important,039,Anser fabalis,Bean goose ,W,13,Individuals,13 i,5 year peak mean for 1996/7-2000/01,Nationally important population (GB wintering),3.25,N,549769.9,288821.9
7000015,Ouse Washes,UK11051,E,Classified/designatd,nationally important,082,Circus cyaneus,Hen harrier,W,12,Individuals,12 i,6 year mean 1982-1987,Nationally important population (GB wintering),1.6,N,549769.9,288821.9
7000015,Ouse Washes,UK11051,E,Classified/designatd,internationally important,156,Limosa limosa islandica (Iceland - breeding),Black-tailed godwit ,W,2647,Individuals,2647 i,5 year peak mean 1998/9-2002/3,International population (Wintering),7.56285714285714,N,549769.9,288821.9
7000015,Ouse Washes,UK11051,E,Classified/designatd,nationally important,151,Philomachus pugnax (Western Africa - wintering),Ruff ,W,292,Individuals,292 i,5 year peak mean 1998/9-2002/3,Nationally important population (GB wintering),41.7142857142857,N,549769.9,288821.9
7000015,Ouse Washes,UK11051,E,Classified/designatd,nationally important,017,Phalacrocorax carbo (North-western Europe),Great cormorant ,W,241,Individuals,241 i,5 year peak mean 1998/9-2002/3,Nationally important population (GB wintering),1.04782608695652,N,549769.9,288821.9
7000015,Ouse Washes,UK11051,E,Classified/designatd,internationally important,036,Cygnus olor (Britain),Mute swan ,W,722,Individuals,722 i,5 year peak mean 1998/9-2002/3,International population (Wintering),1.92533333333333,N,549769.9,288821.9
7000015,Ouse Washes,UK11051,E,Classified/designatd,internationally important,038,Cygnus cygnus (Iceland/UK/Ireland),Whooper swan ,W,653,Individuals,653 i,5 year peak mean 1998/9-2002/3,International population (Wintering),3.1244019138756,N,549769.9,288821.9
7000015,Ouse Washes,UK11051,E,Classified/designatd,internationally important,050,Anas penelope (Western Siberia/North-western/North-eastern Europe),Eurasian wigeon ,W,22630,Individuals,22630 i,5 year peak mean 1998/9-2002/3,International population (Wintering),1.50866666666667,N,549769.9,288821.9
7000015,Ouse Washes,UK11051,E,Classified/designatd,nationally important,125,Fulica atra (North-western Europe - wintering),Common coot ,W,2102,Individuals,2102 i,5 year peak mean 1998/9-2002/3,Nationally important population (GB wintering),1.2150289017341,N,549769.9,288821.9
7000015,Ouse Washes,UK11051,E,Classified/designatd,internationally important,051,Anas strepera (North-western Europe),Gadwall ,W,438,Individuals,438 i,5 year peak mean 1998/9-2002/3,Nationally important population (GB wintering),2.56140350877193,N,549769.9,288821.9
7000015,Ouse Washes,UK11051,E,Classified/designatd,internationally important,052,Anas crecca (North-western Europe),Eurasian teal ,W,3384,Individuals,3384 i,5 year peak mean 1998/9-2002/3,Nationally important population (GB wintering),1.7625,N,549769.9,288821.9
7000015,Ouse Washes,UK11051,E,Classified/designatd,nationally important,061,Aythya fuligula (North-western Europe),Tufted duck ,W,1459,Individuals,1459 i,5 year peak mean 1998/9-2002/3,Nationally important population (GB wintering),1.61931187569367,N,549769.9,288821.9
7000015,Ouse Washes,UK11051,E,Classified/designatd,internationally important,054,Anas acuta (North-western Europe),Northern pintail ,W,2108,Individuals,2108 i,5 year peak mean 1998/9-2002/3,International population (Wintering),3.51333333333333,N,549769.9,288821.9
7000015,Ouse Washes,UK11051,E,Classified/designatd,internationally important,WATR,Waterfowl assemblage,Waterfowl assemblage,W,59133,Individuals,59133 i,5 year peak mean 1998/9-2002/3,Waterfowl assemblage - wintering,,N,549769.9,288821.9
7000015,Ouse Washes,UK11051,E,Classified/designatd,internationally important,056,Anas clypeata (North-western/Central Europe),Northern shoveler ,W,627,Individuals,627 i,5 year peak mean 1998/9-2002/3,International population (Wintering),1.5675,N,549769.9,288821.9
7000015,Ouse Washes,UK11051,E,Classified/designatd,internationally important,059,Aythya ferina (North-western/North-eastern Europe),Common pochard ,W,4678,Individuals,4678 i,5 year peak mean 1998/9-2002/3,International population (Wintering),1.33657142857143,N,549769.9,288821.9
7000015,Ouse Washes,UK11051,E,Classified/designatd,internationally important,037,Cygnus columbianus bewickii (Western Siberia/North-eastern & North-western Europe),Tundra swan ,W,1140,Individuals,1140 i,5 year peak mean 1998/9-2002/3,International population (Wintering),3.93103448275862,N,549769.9,288821.9
21,Outer Ards,UK12018,NI,Classified/designatd,internationally important,130,Haematopus ostralegus (Europe & Northern/Western Africa),Eurasian oystercatcher ,W,1623,,1623 ,5-year peak mean 1991/92 – 1995/96,Nationally important population (all Ireland wintering),,N,174481.7149,517419.3506
21,Outer Ards,UK12018,NI,Classified/designatd,internationally important,160,Numenius arquata (Europe - breeding),Eurasian curlew ,W,917,Individuals,917 i,5-year peak mean 1991/92 – 1995/96,International population (Wintering),,N,174481.7149,517419.3506
21,Outer Ards,UK12018,NI,Classified/designatd,internationally important,466,Calidris alpina schinzii (Baltic/UK/Ireland),Dunlin ,W,2293,Individuals,2293 i,5-year peak mean 1991/92 – 1995/96,Nationally important population (all Ireland wintering),,N,174481.7149,517419.3506
21,Outer Ards,UK12018,NI,Classified/designatd,internationally important,142,Vanellus vanellus (Europe - breeding),Northern lapwing ,W,5379,Individuals,5379 i,5-year peak mean 1991/92 – 1995/96,Nationally important population (all Ireland wintering),,N,174481.7149,517419.3506
21,Outer Ards,UK12018,NI,Classified/designatd,internationally important,013,Puffinus puffinus,Manx shearwater ,B,3581,Pairs,>3581 p,2000,International population (Breeding),1.35,N,174481.7149,517419.3506
21,Outer Ards,UK12018,NI,Classified/designatd,internationally important,046b,Branta bernicla hrota [Canada/Ireland],Light-bellied brent goose,W,209,Individuals,209 i,5-year peak mean 1991/92 – 1995/96,International population (Wintering),1.1,N,174481.7149,517419.3506
21,Outer Ards,UK12018,NI,Classified/designatd,internationally important,169,Arenaria interpres (Western Palearctic - wintering),Ruddy turnstone ,W,1210,Individuals,1210 i,5-year peak mean 1991/92 – 1995/96,International population (Wintering),1.7,N,174481.7149,517419.3506
21,Outer Ards,UK12018,NI,Classified/designatd,internationally important,148,Calidris maritima (Eastern Atlantic - wintering),Purple sandpiper ,W,78,Individuals,78 i,5-year peak mean 1991/92 – 1995/96,Nationally important population (all Ireland wintering),,N,174481.7149,517419.3506
21,Outer Ards,UK12018,NI,Classified/designatd,internationally important,063,Somateria mollissima (Britain/Ireland),Common eider ,W,475,Individuals,475 i,5-year peak mean 1991/92 – 1995/96,International population (Wintering),,N,174481.7149,517419.3506
21,Outer Ards,UK12018,NI,Classified/designatd,internationally important,005,Podiceps cristatus (North-western Europe - wintering),Great crested grebe ,W,82,Individuals,82 i,5-year peak mean 1991/92 – 1995/96,Nationally important population (all Ireland wintering),,N,174481.7149,517419.3506
21,Outer Ards,UK12018,NI,Classified/designatd,internationally important,137,Charadrius hiaticula (Europe/Northern Africa - wintering),Ringed plover ,W,516,Individuals,516 i,5-year peak mean 1991/92 – 1995/96,International population (Wintering),1.2,N,174481.7149,517419.3506
21,Outer Ards,UK12018,NI,Classified/designatd,internationally important,140,Pluvialis apricaria [North-western Europe - breeding],European golden plover ,W,2109,Individuals,2109 i,5-year peak mean 1991/92 – 1995/96,Nationally important population (all Ireland wintering),1.1,N,174481.7149,517419.3506
21,Outer Ards,UK12018,NI,Classified/designatd,internationally important,017,Phalacrocorax carbo (North-western Europe),Great cormorant ,W,221,Individuals,221 i,5-year peak mean 1991/92 – 1995/96,Nationally important population (all Ireland wintering),,N,174481.7149,517419.3506
21,Outer Ards,UK12018,NI,Classified/designatd,internationally important,194,Sterna paradisaea (Arctic - breeding/Southern Oceans - wintering),Arctic tern ,B,207,Pairs,207 p,5-year mean (period not specified),Nationally important population (all Ireland breeding),4.7,N,174481.7149,517419.3506
21,Outer Ards,UK12018,NI,Classified/designatd,internationally important,162,Tringa totanus (Eastern Atlantic - wintering),Common redshank ,W,904,Individuals,904 i,5-year peak mean 1991/92 – 1995/96,Nationally important population (all Ireland wintering),,N,174481.7149,517419.3506
7000042,Pagham Harbour,UK11052,E,Classified/designatd,internationally important,156,Limosa limosa islandica (Iceland - breeding),Black-tailed godwit ,W,377,Individuals,377 i,5 year peak mean 1998/9-2002/3,International population (Wintering),1.07714285714286,N,487390.9,96787.34
7000042,Pagham Harbour,UK11052,E,Classified/designatd,nationally important,007,Podiceps auritus (North-western Europe),Slavonian grebe ,W,14,Individuals,14 i,5 year peak mean 1998/9-2002/3,Nationally important population (GB wintering),1.93103448275862,N,487390.9,96787.34
7000042,Pagham Harbour,UK11052,E,Classified/designatd,nationally important,026,Egretta garzetta (Sub-Saharan Africa - breeding),Little egret ,P,60,Individuals,60 i,5 year peak mean 1998/9-2002/3,Nationally important population (GB passage),3.63636363636364,N,487390.9,96787.34
7000042,Pagham Harbour,UK11052,E,Classified/designatd,internationally important,046a,Branta bernicla bernicla (Western Siberia/Western Europe),Dark-bellied brent goose,W,2512,Individuals,2512 i,5 year peak mean 1998/9-2002/3,International population (Wintering),1.16837209302326,N,487390.9,96787.34
7000042,Pagham Harbour,UK11052,E,Classified/designatd,nationally important,164,Tringa nebularia (Europe/Western Africa),Common greenshank ,P,20,Individuals,20 i,5 year peak mean 1998/9-2002/3,Nationally important population (GB passage),3.3500837520938,N,487390.9,96787.34
7000042,Pagham Harbour,UK11052,E,Classified/designatd,nationally important,141,Pluvialis squatarola (Eastern Atlantic - wintering),Grey plover ,W,704,Individuals,704 i,5 year peak mean 1998/9-2002/3,Nationally important population (GB wintering),1.3345971563981,N,487390.9,96787.34
7000042,Pagham Harbour,UK11052,E,Classified/designatd,nationally important,161,Tringa erythropus (Europe/Western Africa),Spotted redshank ,W,5,Individuals,5 i,5 year peak mean 1998/9-2002/3,Nationally important population (GB wintering),3.67647058823529,N,487390.9,96787.34
7000042,Pagham Harbour,UK11052,E,Classified/designatd,nationally important,158,Numenius phaeopus (Europe/Western Africa),Whimbrel ,P,104,Individuals,104 i,5 year peak mean 1998/9-2002/3 - spring peak,Nationally important population (GB passage),3.46666666666667,N,487390.9,96787.34
7000042,Pagham Harbour,UK11052,E,Classified/designatd,nationally important,054,Anas acuta (North-western Europe),Northern pintail ,W,462,Individuals,462 i,5 year peak mean 1998/9-2002/3,Nationally important population (GB wintering),1.65591397849462,N,487390.9,96787.34
7000119,Pettigoe Plateau,UK12019,NI,Classified/designatd,nationally important,140,Pluvialis apricaria [North-western Europe - breeding],European golden plover ,B,12,Pairs,12 p,Two count mean 1987 & 1995,Nationally important population (all Ireland breeding),3,N,13013.16901,531834.2501
7000143,Poole Harbour,UK11054,E,Classified/designatd,internationally important,048,Tadorna tadorna (North-western Europe),Common shelduck ,W,2120,Individuals,2120 i,5 year peak mean 1998/9-2002/3,Nationally important population (GB wintering),2.71099744245524,N,398155.4,86892.75
7000143,Poole Harbour,UK11054,E,Classified/designatd,nationally important,017,Phalacrocorax carbo (North-western Europe),Great cormorant ,P,402,Individuals,402 i,5 year peak mean 1998/9-2002/3,Nationally important population (GB passage),1.74782608695652,N,398155.4,86892.75
7000143,Poole Harbour,UK11054,E,Classified/designatd,nationally important,193,Sterna hirundo (Northern/Eastern Europe - breeding),Common tern ,B,191,,191 n,Seabird 2000 Census,Nationally important population (GB breeding),1.8847444247089,N,398155.4,86892.75
7000143,Poole Harbour,UK11054,E,Classified/designatd,nationally important,179,Larus ridibundus (North-western Europe - breeding),Black-headed gull ,B,1700,,1700 n,Seabird 2000 Census,Nationally important population (GB breeding),1.32909066743806,N,398155.4,86892.75
7000143,Poole Harbour,UK11054,E,Classified/designatd,nationally important,176,Larus melanocephalus,Mediterranean gull ,B,5,,5 n,Seabird 2000 Census,Nationally important population (GB breeding),4.62962962962963,N,398155.4,86892.75
7000143,Poole Harbour,UK11054,E,Classified/designatd,internationally important,WATR,Waterfowl assemblage,Waterfowl assemblage,W,24709,Individuals,24709 i,5 year peak mean 1998/9-2002/3,Waterfowl assemblage - wintering,,N,398155.4,86892.75
7000143,Poole Harbour,UK11054,E,Classified/designatd,nationally important,008,Podiceps nigricollis (Western Palearctic),Black-necked grebe ,W,3,Individuals,3 i,5 year peak mean 1998/9-2002/3,Nationally important population (GB wintering),2.5,N,398155.4,86892.75
7000143,Poole Harbour,UK11054,E,Classified/designatd,nationally important,026,Egretta garzetta (Sub-Saharan Africa - breeding),Little egret ,P,91,Individuals,91 i,5 year peak mean 1998/9-2002/3,Nationally important population (GB passage),5.51515151515152,N,398155.4,86892.75
7000143,Poole Harbour,UK11054,E,Classified/designatd,nationally important,046a,Branta bernicla bernicla (Western Siberia/Western Europe),Dark-bellied brent goose,W,1453,Individuals,1453 i,5 year peak mean 1998/9-2002/3,Nationally important population (GB wintering),1.48114169215087,N,398155.4,86892.75
7000143,Poole Harbour,UK11054,E,Classified/designatd,nationally important,069,Mergus serrator (North-western/Central Europe),Red-breasted merganser ,W,401,Individuals,401 i,5 year peak mean 1998/9-2002/3,Nationally important population (GB wintering),4.07520325203252,N,398155.4,86892.75
7000143,Poole Harbour,UK11054,E,Classified/designatd,internationally important,156,Limosa limosa islandica (Iceland - breeding),Black-tailed godwit ,W,1724,Individuals,1724 i,5 year peak mean 1998/9-2002/3,International population (Wintering),4.92571428571429,N,398155.4,86892.75
7000143,Poole Harbour,UK11054,E,Classified/designatd,nationally important,160,Numenius arquata (Europe - breeding),Eurasian curlew ,W,1570,Individuals,1570 i,5 year peak mean 1998/9-2002/3,Nationally important population (GB wintering),1.06730115567641,N,398155.4,86892.75
7000143,Poole Harbour,UK11054,E,Classified/designatd,nationally important,149,Calidris alpina alpina (Northern Siberia/Europe/Western Africa),Dunlin ,W,6323,Individuals,6323 i,5 year peak mean 1998/9-2002/3,Nationally important population (GB wintering),1.137639438647,N,398155.4,86892.75
7000143,Poole Harbour,UK11054,E,Classified/designatd,internationally important,132,Recurvirostra avosetta (Western Europe/Western Mediterranean - breeding),Pied avocet ,W,1260,Individuals,1260 i,5 year peak mean 1998/9-2002/3,International population (Wintering),1.72602739726027,N,398155.4,86892.75
7000143,Poole Harbour,UK11054,E,Classified/designatd,nationally important,118,Rallus aquaticus (Europe),Water rail ,W,12,Individuals,12 i,5 year peak mean 1998/9-2002/3,Nationally important population (GB wintering),2.66666666666667,N,398155.4,86892.75
7000143,Poole Harbour,UK11054,E,Classified/designatd,nationally important,161,Tringa erythropus (Europe/Western Africa),Spotted redshank ,P,5,Individuals,5 i,5 year peak mean 1998/9-2002/3,Nationally important population (GB passage),3.67647058823529,N,398155.4,86892.75
7000143,Poole Harbour,UK11054,E,Classified/designatd,nationally important,164,Tringa nebularia (Europe/Western Africa),Common greenshank ,P,31,Individuals,31 i,5 year peak mean 1998/9-2002/3,Nationally important population (GB passage),5.19262981574539,N,398155.4,86892.75
7000143,Poole Harbour,UK11054,E,Classified/designatd,nationally important,054,Anas acuta (North-western Europe),Northern pintail ,W,308,Individuals,308 i,5 year peak mean 1998/9-2002/3,Nationally important population (GB wintering),1.10394265232975,N,398155.4,86892.75
7000093,Portsmouth Harbour,UK11055,E,Classified/designatd,internationally important,046a,Branta bernicla bernicla (Western Siberia/Western Europe),Dark-bellied brent goose,W,2105,Individuals,2105 i,5 year peak mean 1998/9-2002/3,Nationally important population (GB wintering),2.14576962283384,N,461579.3,103595.9
7000093,Portsmouth Harbour,UK11055,E,Classified/designatd,nationally important,026,Egretta garzetta (Sub-Saharan Africa - breeding),Little egret ,P,47,Individuals,47 i,5 year peak mean 1998/9-2002/3,Nationally important population (GB passage),2.84848484848485,N,461579.3,103595.9
7000093,Portsmouth Harbour,UK11055,E,Classified/designatd,nationally important,156,Limosa limosa islandica (Iceland - breeding),Black-tailed godwit ,P,343,Individuals,343 i,5 year peak mean 1998/9-2002/3,Nationally important population (GB passage),2.22871994801819,N,461579.3,103595.9
9000314,Ribble and Alt Estuaries,UK11057,E,Classified/designatd,internationally important,WATR,Waterfowl assemblage,Waterfowl assemblage,W,222038,Individuals,222038 i,5 year peak mean 1998/9-2002/3,Waterfowl assemblage - wintering,,N,335386.69,424366.27
9000314,Ribble and Alt Estuaries,UK11057,E,Classified/designatd,internationally important,143,Calidris canutus (North-eastern Canada/Greenland/Iceland/North-western Europe),Red knot ,P,42692,Individuals,42692 i,5 year peak mean 1998/9-2002/3,International population (passage),9.48711111111111,N,335386.69,424366.27
9000314,Ribble and Alt Estuaries,UK11057,E,Classified/designatd,nationally important,179,Larus ridibundus (North-western Europe - breeding),Black-headed gull ,W,16849,Individuals,16849 i,5 year peak mean 1998/9-2002/3,Nationally important population (GB wintering),1.00333472280117,N,335386.69,424366.27
9000314,Ribble and Alt Estuaries,UK11057,E,Classified/designatd,internationally important,183,Larus fuscus (Western Europe/Mediterranean/Western Africa),Lesser black-backed gull ,P,1747,Individuals,1747 i,5 year peak mean 1998/9-2002/3,Nationally important population (GB passage),2.87538884408381,N,335386.69,424366.27
9000314,Ribble and Alt Estuaries,UK11057,E,Classified/designatd,internationally important,048,Tadorna tadorna (North-western Europe),Common shelduck ,W,2944,Individuals,2944 i,5 year peak mean 1998/9-2002/3,Nationally important population (GB wintering),3.76470588235294,N,335386.69,424366.27
9000314,Ribble and Alt Estuaries,UK11057,E,Classified/designatd,internationally important,144,Calidris alba (Eastern Atlantic/Western & Southern Africa - wintering),Sanderling ,P,7401,Individuals,7401 i,5 year peak mean 1998/9-2002/3 - spring peak,International population (passage),6.01707317073171,N,335386.69,424366.27
9000314,Ribble and Alt Estuaries,UK11057,E,Classified/designatd,internationally important,040,Anser brachyrhynchus (Eastern Greenland/Iceland/UK),Pink-footed goose ,W,6552,Individuals,6552 i,5 year peak mean 1998/9-2002/3,International population (Wintering),2.73,N,335386.69,424366.27
9000314,Ribble and Alt Estuaries,UK11057,E,Classified/designatd,internationally important,050,Anas penelope (Western Siberia/North-western/North-eastern Europe),Eurasian wigeon ,W,69841,Individuals,69841 i,5 year peak mean 1998/9-2002/3,International population (Wintering),4.65606666666667,N,335386.69,424366.27
9000314,Ribble and Alt Estuaries,UK11057,E,Classified/designatd,nationally important,001,Gavia stellata (North-western Europe - wintering),Red-throated diver ,W,56,Individuals,56 i,5 year peak mean 1998/9-2002/3,Nationally important population (GB wintering),1.15463917525773,N,335386.69,424366.27
9000314,Ribble and Alt Estuaries,UK11057,E,Classified/designatd,internationally important,141,Pluvialis squatarola (Eastern Atlantic - wintering),Grey plover ,P,11021,Individuals,11021 i,5 year peak mean 1998/9-2002/3 - spring peak,International population (passage),4.46194331983806,N,335386.69,424366.27
9000314,Ribble and Alt Estuaries,UK11057,E,Classified/designatd,nationally important,151,Philomachus pugnax (Western Africa - wintering),Ruff ,P,60,Individuals,60 i,5 year peak mean 1998/9-2002/3,Nationally important population (GB passage),8.57142857142857,N,335386.69,424366.27
9000314,Ribble and Alt Estuaries,UK11057,E,Classified/designatd,internationally important,156,Limosa limosa islandica (Iceland - breeding),Black-tailed godwit ,P,3323,Individuals,3323 i,5 year peak mean 1998/9-2002/3,International population (passage),9.49428571428571,N,335386.69,424366.27
9000314,Ribble and Alt Estuaries,UK11057,E,Classified/designatd,internationally important,157,Limosa lapponica (Western Palearctic - wintering),Bar-tailed godwit ,W,13935,Individuals,13935 i,5 year peak mean 1998/9-2002/3,International population (Wintering),11.6125,N,335386.69,424366.27
9000314,Ribble and Alt Estuaries,UK11057,E,Classified/designatd,nationally important,160,Numenius arquata (Europe - breeding),Eurasian curlew ,P,2502,Individuals,2502 i,5 year peak mean 1998/9-2002/3,Nationally important population (GB passage),1.70088375254929,N,335386.69,424366.27
9000314,Ribble and Alt Estuaries,UK11057,E,Classified/designatd,internationally important,137,Charadrius hiaticula (Europe/Northern Africa - wintering),Ringed plover ,P,3761,Individuals,3761 i,5 year peak mean 1998/9-2002/3 - spring peak,International population (passage),5.15205479452055,N,335386.69,424366.27
9000314,Ribble and Alt Estuaries,UK11057,E,Classified/designatd,nationally important,017,Phalacrocorax carbo (North-western Europe),Great cormorant ,W,463,Individuals,463 i,5 year peak mean 1998/9-2002/3,Nationally important population (GB wintering),2.01304347826087,N,335386.69,424366.27
9000314,Ribble and Alt Estuaries,UK11057,E,Classified/designatd,internationally important,037,Cygnus columbianus bewickii (Western Siberia/North-eastern & North-western Europe),Tundra swan ,W,230,Individuals,230 i,5 year peak mean 1998/9-2002/3,Nationally important population (GB wintering),2.85006195786865,N,335386.69,424366.27
9000314,Ribble and Alt Estuaries,UK11057,E,Classified/designatd,internationally important,149,Calidris alpina alpina (Northern Siberia/Europe/Western Africa),Dunlin ,P,38196,Individuals,38196 i,5 year peak mean 1998/9-2002/3 - spring peak,International population (passage),2.87187969924812,N,335386.69,424366.27
9000314,Ribble and Alt Estuaries,UK11057,E,Classified/designatd,nationally important,140,Pluvialis apricaria [North-western Europe - breeding],European golden plover ,W,3588,Individuals,3588 i,5 year peak mean 1998/9-2002/3,Nationally important population (GB wintering),1.4352,N,335386.69,424366.27
9000314,Ribble and Alt Estuaries,UK11057,E,Classified/designatd,internationally important,183,Larus fuscus (Western Europe/Mediterranean/Western Africa),Lesser black-backed gull ,B,4108,,4108 n,Seabird 2000 Census,International population (Breeding),2.77930003315134,N,335386.69,424366.27
9000314,Ribble and Alt Estuaries,UK11057,E,Classified/designatd,nationally important,193,Sterna hirundo (Northern/Eastern Europe - breeding),Common tern ,B,182,Pairs,182 p,1996,Nationally important population (GB breeding),1.79593447799487,N,335386.69,424366.27
9000314,Ribble and Alt Estuaries,UK11057,E,Classified/designatd,nationally important,179,Larus ridibundus (North-western Europe - breeding),Black-headed gull ,B,14888,,14888 n,Seabird 2000 Census,Nationally important population (GB breeding),11.6397069745987,N,335386.69,424366.27
9000314,Ribble and Alt Estuaries,UK11057,E,Classified/designatd,nationally important,164,Tringa nebularia (Europe/Western Africa),Common greenshank ,P,9,Individuals,9 i,5 year peak mean 1998/9-2002/3,Nationally important population (GB passage),1.50753768844221,N,335386.69,424366.27
9000314,Ribble and Alt Estuaries,UK11057,E,Classified/designatd,nationally important,065,Melanitta nigra (Western Siberia/Western & Northern Europe/North-western Africa),Black (common) scoter ,W,691,Individuals,691 i,5 year peak mean 1998/9-2002/3,Nationally important population (GB wintering),1.382,N,335386.69,424366.27
9000314,Ribble and Alt Estuaries,UK11057,E,Classified/designatd,nationally important,056,Anas clypeata (North-western/Central Europe),Northern shoveler ,W,200,Individuals,200 i,5 year peak mean 1998/9-2002/3,Nationally important population (GB wintering),1.35135135135135,N,335386.69,424366.27
9000314,Ribble and Alt Estuaries,UK11057,E,Classified/designatd,internationally important,130,Haematopus ostralegus (Europe & Northern/Western Africa),Eurasian oystercatcher ,W,18926,Individuals,18926 i,5 year peak mean 1998/9-2002/3,International population (Wintering),1.85549019607843,N,335386.69,424366.27
9000314,Ribble and Alt Estuaries,UK11057,E,Classified/designatd,internationally important,052,Anas crecca (North-western Europe),Eurasian teal ,W,5107,Individuals,5107 i,5 year peak mean 1998/9-2002/3,International population (Wintering),1.27675,N,335386.69,424366.27
9000314,Ribble and Alt Estuaries,UK11057,E,Classified/designatd,internationally important,038,Cygnus cygnus (Iceland/UK/Ireland),Whooper swan ,W,211,Individuals,211 i,5 year peak mean 1998/9-2002/3,International population (Wintering),1.00956937799043,N,335386.69,424366.27
9000314,Ribble and Alt Estuaries,UK11057,E,Classified/designatd,internationally important,162,Tringa totanus (Eastern Atlantic - wintering),Common redshank ,P,4465,Individuals,4465 i,5 year peak mean 1998/9-2002/3,International population (passage),1.786,N,335386.69,424366.27
9000314,Ribble and Alt Estuaries,UK11057,E,Classified/designatd,internationally important,054,Anas acuta (North-western Europe),Northern pintail ,W,1497,Individuals,1497 i,5 year peak mean 1998/9-2002/3,International population (Wintering),2.495,N,335386.69,424366.27
9000314,Ribble and Alt Estuaries,UK11057,E,Classified/designatd,nationally important,161,Tringa erythropus (Europe/Western Africa),Spotted redshank ,W,2,Individuals,2 i,5 year peak mean 1998/9-2002/3,Nationally important population (GB wintering),1.47058823529412,N,335386.69,424366.27
7000106,Rinns of Islay,UK13052,S,Classified/designatd,nationally important,082,Circus cyaneus,Hen harrier,B,7,Pairs,7 p,RSPB 1998 national survey,Nationally important population (GB breeding),1.44927536231884,N,122807,665727
7000106,Rinns of Islay,UK13052,S,Classified/designatd,nationally important,200,Alca torda,Razorbill ,B,1131,Individuals,1131 i,Seabird 2000 Census,Nationally important population (GB breeding),1.14058087938685,N,122807,665727
7000106,Rinns of Islay,UK13052,S,Classified/designatd,internationally important,395,Anser albifrons flavirostris (Greenland/Ireland/UK),Greenland white-fronted goose,W,1820,Individuals,1820 i,,International population (Wintering),6.74074074074074,N,122807,665727
7000106,Rinns of Islay,UK13052,S,Classified/designatd,internationally important,045a,Branta leucopsis [Eastern Greenland/Scotland/Ireland],Barnacle goose ,W,550,Individuals,550 i,Count as at 1990,International population (Wintering),1.01663585951941,N,122807,665727
7000106,Rinns of Islay,UK13052,S,Classified/designatd,internationally important,038,Cygnus cygnus (Iceland/UK/Ireland),Whooper swan ,P,140,Individuals,140 i,,International population (passage),0.669856459330144,N,122807,665727
7000121,River Spey – Insh Marshes,UK13053,S,Classified/designatd,nationally important,179,Larus ridibundus (North-western Europe - breeding),Black-headed gull ,B,1644,,1644 n,Seabird 2000 Census,Nationally important population (GB breeding),1.28530885721657,N,279942,802242
7000121,River Spey – Insh Marshes,UK13053,S,Classified/designatd,nationally important,082,Circus cyaneus,Hen harrier,W,11,Individuals,11 i,5 winter period 1990/1-1994/5,Nationally important population (GB wintering),1.46666666666667,N,279942,802242
7000121,River Spey – Insh Marshes,UK13053,S,Classified/designatd,nationally important,094,Pandion haliaetus,Osprey ,B,8,Individuals,8 i,Count as at early 1990s,Nationally important population (GB breeding),6.2992125984252,N,279942,802242
7000121,River Spey – Insh Marshes,UK13053,S,Classified/designatd,internationally important,038,Cygnus cygnus (Iceland/UK/Ireland),Whooper swan ,W,98,Individuals,98 i,5 year peak mean 1998/9-2002/3,Nationally important population (GB wintering),1.71328671328671,N,279942,802242
7000121,River Spey – Insh Marshes,UK13053,S,Classified/designatd,nationally important,166,Tringa glareola (Europe- breeding),Wood sandpiper ,B,2,Pairs,2 p,5 year mean 1991-1995,Nationally important population (GB breeding),50,N,279942,802242
7000121,River Spey – Insh Marshes,UK13053,S,Classified/designatd,nationally important,119,Porzana porzana (Europe/Africa),Spotted crake ,B,4,Individuals,4 i,5 year mean 1997-2001,Nationally important population (GB breeding),5.46,N,279942,802242
7000129,Ronas Hill – North Roe and Tingon,UK13054,S,Classified/designatd,nationally important,202,Cepphus grylle (East Atlantic),Black guillemot ,B,774,Individuals,774 i,Seabird 2000 Census,International population (Breeding),1.97448979591837,N,431900,1185100
7000129,Ronas Hill – North Roe and Tingon,UK13054,S,Classified/designatd,nationally important,009,Fulmarus glacialis (North Atlantic),Northern fulmar ,B,6710,,6710 s,Seabird 2000 Census,Nationally important population (GB breeding),1.34532564499443,N,431900,1185100
7000129,Ronas Hill – North Roe and Tingon,UK13054,S,Classified/designatd,nationally important,173,Stercorarius parasiticus (North Atlantic),Arctic skua ,B,114,,114 t,Seabird 2000 Census,Nationally important population (GB breeding),5.33707865168539,N,431900,1185100
7000129,Ronas Hill – North Roe and Tingon,UK13054,S,Classified/designatd,nationally important,175,Catharacta skua (World),Great skua ,B,227,,227 t,Seabird 2000 Census,International population (Breeding),1.66911764705882,N,431900,1185100
7000129,Ronas Hill – North Roe and Tingon,UK13054,S,Classified/designatd,nationally important,001,Gavia stellata (North-western Europe - wintering),Red-throated diver ,B,50,Pairs,50 p,Count as at 1994,Nationally important population (GB breeding),5.3475935828877,N,431900,1185100
7000129,Ronas Hill – North Roe and Tingon,UK13054,S,Classified/designatd,nationally important,158,Numenius phaeopus (Europe/Western Africa),Whimbrel ,B,25,Pairs,25 p,not specified,Nationally important population (GB breeding),5,N,431900,1185100
7000024,Rostherne Mere,UK11060,E,Classified/designatd,nationally important,118,Rallus aquaticus (Europe),Water rail ,W,6,Individuals,6 i,5 year peak mean 1998/9-2002/3,Nationally important population (GB wintering),1.33333333333333,N,374391.4,384219.5
7000024,Rostherne Mere,UK11060,E,Classified/designatd,nationally important,017,Phalacrocorax carbo (North-western Europe),Great cormorant ,W,273,Individuals,273 i,5 year peak mean 1998/9-2002/3,Nationally important population (GB wintering),1.18695652173913,N,374391.4,384219.5
7000024,Rostherne Mere,UK11060,E,Classified/designatd,nationally important,021,Botaurus stellaris (Europe - breeding),Great bittern ,W,1,Individuals,1 i,5 year peak mean 1998/9-2002/3,Nationally important population (GB wintering),1,N,374391.4,384219.5
7000053,Rutland Water,UK11062,E,Classified/designatd,internationally important,056,Anas clypeata (North-western/Central Europe),Northern shoveler ,P,619,Individuals,619 i,5 year peak mean 1998/9-2002/3,International population (passage),1.5475,N,490294.8,306461.5
7000053,Rutland Water,UK11062,E,Classified/designatd,nationally important,004,Tachybaptus ruficollis (Western Palearctic),Little grebe ,P,84,Individuals,84 i,5 year peak mean 1998/9-2002/3,Nationally important population (GB passage),1.08108108108108,N,490294.8,306461.5
7000053,Rutland Water,UK11062,E,Classified/designatd,nationally important,005,Podiceps cristatus (North-western Europe - wintering),Great crested grebe ,P,755,Individuals,755 i,5 year peak mean 1998/9-2002/3,Nationally important population (GB passage),4.74842767295597,N,490294.8,306461.5
7000053,Rutland Water,UK11062,E,Classified/designatd,nationally important,017,Phalacrocorax carbo (North-western Europe),Great cormorant ,P,431,Individuals,431 i,5 year peak mean 1998/9-2002/3,Nationally important population (GB passage),1.87391304347826,N,490294.8,306461.5
7000053,Rutland Water,UK11062,E,Classified/designatd,internationally important,051,Anas strepera (North-western Europe),Gadwall ,P,1014,Individuals,1014 i,5 year peak mean 1998/9-2002/3,International population (passage),1.69,N,490294.8,306461.5
7000053,Rutland Water,UK11062,E,Classified/designatd,nationally important,161,Tringa erythropus (Europe/Western Africa),Spotted redshank ,P,2,Individuals,2 i,5 year peak mean 1998/9-2002/3,Nationally important population (GB passage),1.47058823529412,N,490294.8,306461.5
7000053,Rutland Water,UK11062,E,Classified/designatd,nationally important,061,Aythya fuligula (North-western Europe),Tufted duck ,P,4788,Individuals,4788 i,5 year peak mean 1998/9-2002/3,Nationally important population (GB passage),5.31409544950056,N,490294.8,306461.5
7000053,Rutland Water,UK11062,E,Classified/designatd,nationally important,067,Bucephala clangula (North-western/Central Europe),Common goldeneye ,W,390,Individuals,390 i,5 year peak mean 1998/9-2002/3,Nationally important population (GB wintering),1.56626506024096,N,490294.8,306461.5
7000053,Rutland Water,UK11062,E,Classified/designatd,nationally important,068,Mergellus albellus,Smew ,W,11,Individuals,11 i,5 year peak mean 1998/9-2002/3,Nationally important population (GB wintering),2.97297297297297,N,490294.8,306461.5
7000053,Rutland Water,UK11062,E,Classified/designatd,nationally important,118,Rallus aquaticus (Europe),Water rail ,W,9,Individuals,9 i,5 year peak mean 1998/9-2002/3,Nationally important population (GB wintering),2,N,490294.8,306461.5
7000053,Rutland Water,UK11062,E,Classified/designatd,nationally important,125,Fulica atra (North-western Europe - wintering),Common coot ,P,3573,Individuals,3573 i,5 year peak mean 1998/9-2002/3,Nationally important population (GB passage),2.06531791907514,N,490294.8,306461.5
7000053,Rutland Water,UK11062,E,Classified/designatd,nationally important,151,Philomachus pugnax (Western Africa - wintering),Ruff ,P,48,Individuals,48 i,5 year peak mean 1998/9-2002/3,Nationally important population (GB passage),6.85714285714286,N,490294.8,306461.5
7000053,Rutland Water,UK11062,E,Classified/designatd,nationally important,164,Tringa nebularia (Europe/Western Africa),Common greenshank ,P,13,Individuals,13 i,5 year peak mean 1998/9-2002/3,Nationally important population (GB passage),2.17755443886097,N,490294.8,306461.5
7000053,Rutland Water,UK11062,E,Classified/designatd,internationally important,WATR,Waterfowl assemblage,Waterfowl assemblage,W,19274,Individuals,19274 i,5 year peak mean 1998/9-2002/3,Waterfowl assemblage - wintering,,N,490294.8,306461.5
7000053,Rutland Water,UK11062,E,Classified/designatd,internationally important,036,Cygnus olor (Britain),Mute swan ,P,563,Individuals,563 i,5 year peak mean 1998/9-2002/3,International population (passage),1.50133333333333,N,490294.8,306461.5
7000053,Rutland Water,UK11062,E,Classified/designatd,nationally important,183,Larus fuscus (Western Europe/Mediterranean/Western Africa),Lesser black-backed gull ,P,1480,Individuals,1480 i,5 year peak mean 1998/9-2002/3,Nationally important population (GB passage),2.43593330809619,N,490294.8,306461.5
7000098,Severn Estuary,UK11081,EW,Classified/designatd,internationally important,162,Tringa totanus (Eastern Atlantic - wintering),Common redshank ,W,2616,Individuals,2616 i,5 year peak mean 1998/9-2002/3,International population (Wintering),1.0464,N,326737.23,147876.1
7000098,Severn Estuary,UK11081,EW,Classified/designatd,nationally important,056,Anas clypeata (North-western/Central Europe),Northern shoveler ,W,297,Individuals,297 i,5 year peak mean 1998/9-2002/3,Nationally important population (GB wintering),2.00675675675676,N,326737.23,147876.1
7000098,Severn Estuary,UK11081,EW,Classified/designatd,internationally important,054,Anas acuta (North-western Europe),Northern pintail ,W,756,Individuals,756 i,5 year peak mean 1998/9-2002/3,International population (Wintering),1.26,N,326737.23,147876.1
7000098,Severn Estuary,UK11081,EW,Classified/designatd,internationally important,052,Anas crecca (North-western Europe),Eurasian teal ,W,4456,Individuals,4456 i,5 year peak mean 1998/9-2002/3,International population (Wintering),1.114,N,326737.23,147876.1
7000098,Severn Estuary,UK11081,EW,Classified/designatd,internationally important,051,Anas strepera (North-western Europe),Gadwall ,W,241,Individuals,241 i,5 year peak mean 1998/9-2002/3,Nationally important population (GB wintering),1.4093567251462,N,326737.23,147876.1
7000098,Severn Estuary,UK11081,EW,Classified/designatd,nationally important,050,Anas penelope (Western Siberia/North-western/North-eastern Europe),Eurasian wigeon ,W,4658,Individuals,4658 i,5 year peak mean 1998/9-2002/3,Nationally important population (GB wintering),1.14729064039409,N,326737.23,147876.1
7000098,Severn Estuary,UK11081,EW,Classified/designatd,internationally important,048,Tadorna tadorna (North-western Europe),Common shelduck ,W,3223,Individuals,3223 i,5 year peak mean 1998/9-2002/3,International population (Wintering),1.07433333333333,N,326737.23,147876.1
7000098,Severn Estuary,UK11081,EW,Classified/designatd,internationally important,037,Cygnus columbianus bewickii (Western Siberia/North-eastern & North-western Europe),Tundra swan ,W,229,Individuals,229 i,5 year peak mean 1998/9-2002/3,Nationally important population (GB wintering),2.83767038413879,N,326737.23,147876.1
7000098,Severn Estuary,UK11081,EW,Classified/designatd,nationally important,026,Egretta garzetta (Sub-Saharan Africa - breeding),Little egret ,P,17,Individuals,17 i,5 year peak mean 1998/9-2002/3,Nationally important population (GB passage),1.03030303030303,N,326737.23,147876.1
7000098,Severn Estuary,UK11081,EW,Classified/designatd,nationally important,118,Rallus aquaticus (Europe),Water rail ,W,11,Individuals,11 i,5 year peak mean 1998/9-2002/3,Nationally important population (GB wintering),2.44444444444444,N,326737.23,147876.1
7000098,Severn Estuary,UK11081,EW,Classified/designatd,internationally important,137,Charadrius hiaticula (Europe/Northern Africa - wintering),Ringed plover ,P,740,Individuals,740 i,5 year peak mean 1998/9-2002/3,International population (passage),1.01369863013699,N,326737.23,147876.1
7000098,Severn Estuary,UK11081,EW,Classified/designatd,internationally important,149,Calidris alpina alpina (Northern Siberia/Europe/Western Africa),Dunlin ,W,25082,Individuals,25082 i,5 year peak mean 1998/9-2002/3,International population (Wintering),1.88586466165414,N,326737.23,147876.1
7000098,Severn Estuary,UK11081,EW,Classified/designatd,nationally important,151,Philomachus pugnax (Western Africa - wintering),Ruff ,P,12,Individuals,12 i,5 year peak mean 1998/9-2002/3,Nationally important population (GB passage),1.71428571428571,N,326737.23,147876.1
7000098,Severn Estuary,UK11081,EW,Classified/designatd,nationally important,059,Aythya ferina (North-western/North-eastern Europe),Common pochard ,W,1118,Individuals,1118 i,5 year peak mean 1998/9-2002/3,Nationally important population (GB wintering),1.87899159663866,N,326737.23,147876.1
7000098,Severn Estuary,UK11081,EW,Classified/designatd,nationally important,161,Tringa erythropus (Europe/Western Africa),Spotted redshank ,W,10,Individuals,10 i,5 year peak mean 1998/9-2002/3,Nationally important population (GB wintering),7.35294117647059,N,326737.23,147876.1
7000098,Severn Estuary,UK11081,EW,Classified/designatd,nationally important,164,Tringa nebularia (Europe/Western Africa),Common greenshank ,P,26,Individuals,26 i,5 year peak mean 1998/9-2002/3,Nationally important population (GB passage),4.35510887772194,N,326737.23,147876.1
7000098,Severn Estuary,UK11081,EW,Classified/designatd,internationally important,394,Anser albifrons albifrons (North-western Siberia/North-eastern & North-western Europe),Greater white-fronted goose ,W,2076,Individuals,2076 i,5 year peak mean for 1996/7-2000/01,Nationally important population (GB wintering),35.8549222797927,N,326737.23,147876.1
7000098,Severn Estuary,UK11081,EW,Classified/designatd,internationally important,WATR,Waterfowl assemblage,Waterfowl assemblage,W,70919,Individuals,70919 i,5 year peak mean 1998/9-2002/3,Waterfowl assemblage - wintering,,N,326737.23,147876.1
7000098,Severn Estuary,UK11081,EW,Classified/designatd,internationally important,183,Larus fuscus (Western Europe/Mediterranean/Western Africa),Lesser black-backed gull ,B,4167,,4167 n,Seabird 2000 Census,International population (Breeding),2.81921695183584,N,326737.23,147876.1
7000098,Severn Estuary,UK11081,EW,Classified/designatd,nationally important,158,Numenius phaeopus (Europe/Western Africa),Whimbrel ,P,333,Individuals,333 i,5 year peak mean 1998/9-2002/3 - spring peak,Nationally important population (GB passage),11.1,N,326737.23,147876.1
7000098,Severn Estuary,UK11081,EW,Classified/designatd,nationally important,184,Larus argentatus (North-western Europe (breeding) and Iceland/Western Europe - breeding),Herring gull ,B,1540,,1540 n,Seabird 2000 Census,Nationally important population (GB breeding),1.11115119593059,N,326737.23,147876.1
7000098,Severn Estuary,UK11081,EW,Classified/designatd,nationally important,160,Numenius arquata (Europe - breeding),Eurasian curlew ,P,2021,Individuals,2021 i,5 year peak mean 1998/9-2002/3,Nationally important population (GB passage),1.37389530931339,N,326737.23,147876.1
7000179,Sléibhtean agus Cladach Thiriodh (Tiree Wetlands and Coast),UK13056,S,Classified/designatd,internationally important,045a,Branta leucopsis [Eastern Greenland/Scotland/Ireland],Barnacle goose ,W,1355,Individuals,1355 i,5 year peak mean for 1996/7-2000/01,International population (Wintering),2.50462107208872,N,101444,745392
7000179,Sléibhtean agus Cladach Thiriodh (Tiree Wetlands and Coast),UK13056,S,Classified/designatd,nationally important,038,Cygnus cygnus (Iceland/UK/Ireland),Whooper swan ,W,103,Individuals,103 i,5 year peak mean 1998/9-2002/3,Nationally important population (GB wintering),1.8006993006993,N,101444,745392
7000179,Sléibhtean agus Cladach Thiriodh (Tiree Wetlands and Coast),UK13056,S,Classified/designatd,internationally important,137,Charadrius hiaticula (Europe/Northern Africa - wintering),Ringed plover ,W,653,Individuals,653 i,"1995, 1998, 1999",International population (Wintering),0.9,N,101444,745392
7000179,Sléibhtean agus Cladach Thiriodh (Tiree Wetlands and Coast),UK13056,S,Classified/designatd,internationally important,169,Arenaria interpres (Western Palearctic - wintering),Ruddy turnstone ,W,873,Individuals,873 i,"1995, 1998, 1999",International population (Wintering),0.9,N,101444,745392
7000179,Sléibhtean agus Cladach Thiriodh (Tiree Wetlands and Coast),UK13056,S,Classified/designatd,nationally important,137,Charadrius hiaticula (Europe/Northern Africa - wintering),Ringed plover ,B,101,Pairs,101 p,1994-1995,Nationally important population (GB breeding),1.2,N,101444,745392
7000179,Sléibhtean agus Cladach Thiriodh (Tiree Wetlands and Coast),UK13056,S,Classified/designatd,nationally important,195,Sterna albifrons (Eastern Atlantic - breeding),Little tern ,B,53,,53 n,Seabird 2000 Census,Nationally important population (GB breeding),2.72213662044171,N,101444,745392
7000179,Sléibhtean agus Cladach Thiriodh (Tiree Wetlands and Coast),UK13056,S,Classified/designatd,internationally important,395,Anser albifrons flavirostris (Greenland/Ireland/UK),Greenland white-fronted goose,W,1419,Individuals,1419 i,1995/96 - 1999/00,International population (Wintering),5.25555555555556,N,101444,745392
7000179,Sléibhtean agus Cladach Thiriodh (Tiree Wetlands and Coast),UK13056,S,Classified/designatd,internationally important,466,Calidris alpina schinzii (Baltic/UK/Ireland),Dunlin ,B,157,Pairs,157 p,2004,International population (Breeding),1.4,N,101444,745392
7000144,Solent and Southampton Water,UK11063,E,Classified/designatd,nationally important,026,Egretta garzetta (Sub-Saharan Africa - breeding),Little egret ,P,115,Individuals,115 i,5 year peak mean 1998/9-2002/3,Nationally important population (GB passage),6.96969696969697,N,433454,93578
7000144,Solent and Southampton Water,UK11063,E,Classified/designatd,internationally important,WATR,Waterfowl assemblage,Waterfowl assemblage,W,51343,Individuals,51343 i,5 year peak mean 1998/9-2002/3,Waterfowl assemblage - wintering,,N,433454,93578
7000144,Solent and Southampton Water,UK11063,E,Classified/designatd,nationally important,050,Anas penelope (Western Siberia/North-western/North-eastern Europe),Eurasian wigeon ,W,7907,Individuals,7907 i,5 year peak mean 1998/9-2002/3,Nationally important population (GB wintering),1.94753694581281,N,433454,93578
7000144,Solent and Southampton Water,UK11063,E,Classified/designatd,nationally important,160,Numenius arquata (Europe - breeding),Eurasian curlew ,W,1766,Individuals,1766 i,5 year peak mean 1998/9-2002/3,Nationally important population (GB wintering),1.20054384772264,N,433454,93578
7000144,Solent and Southampton Water,UK11063,E,Classified/designatd,internationally important,156,Limosa limosa islandica (Iceland - breeding),Black-tailed godwit ,W,1240,Individuals,1240 i,5 year peak mean 1998/9-2002/3,International population (Wintering),3.54285714285714,N,433454,93578
7000144,Solent and Southampton Water,UK11063,E,Classified/designatd,nationally important,149,Calidris alpina alpina (Northern Siberia/Europe/Western Africa),Dunlin ,W,10417,Individuals,10417 i,5 year peak mean 1998/9-2002/3,Nationally important population (GB wintering),1.87423533645196,N,433454,93578
7000144,Solent and Southampton Water,UK11063,E,Classified/designatd,nationally important,048,Tadorna tadorna (North-western Europe),Common shelduck ,W,964,Individuals,964 i,5 year peak mean 1998/9-2002/3,Nationally important population (GB wintering),1.23273657289003,N,433454,93578
7000144,Solent and Southampton Water,UK11063,E,Classified/designatd,internationally important,046a,Branta bernicla bernicla (Western Siberia/Western Europe),Dark-bellied brent goose,W,6456,Individuals,6456 i,5 year peak mean 1998/9-2002/3,International population (Wintering),3.00279069767442,N,433454,93578
7000144,Solent and Southampton Water,UK11063,E,Classified/designatd,internationally important,052,Anas crecca (North-western Europe),Eurasian teal ,W,5514,Individuals,5514 i,5 year peak mean 1998/9-2002/3,International population (Wintering),1.3785,N,433454,93578
7000144,Solent and Southampton Water,UK11063,E,Classified/designatd,nationally important,141,Pluvialis squatarola (Eastern Atlantic - wintering),Grey plover ,W,1171,Individuals,1171 i,5 year peak mean 1998/9-2002/3,Nationally important population (GB wintering),2.21990521327014,N,433454,93578
7000144,Solent and Southampton Water,UK11063,E,Classified/designatd,internationally important,137,Charadrius hiaticula (Europe/Northern Africa - wintering),Ringed plover ,P,397,Individuals,397 i,5 year peak mean 1998/9-2002/3,Nationally important population (GB passage),1.22342064714946,N,433454,93578
7000144,Solent and Southampton Water,UK11063,E,Classified/designatd,nationally important,054,Anas acuta (North-western Europe),Northern pintail ,W,359,Individuals,359 i,5 year peak mean 1998/9-2002/3,Nationally important population (GB wintering),1.28673835125448,N,433454,93578
7000144,Solent and Southampton Water,UK11063,E,Classified/designatd,nationally important,056,Anas clypeata (North-western/Central Europe),Northern shoveler ,W,267,Individuals,267 i,5 year peak mean 1998/9-2002/3,Nationally important population (GB wintering),1.80405405405405,N,433454,93578
7000144,Solent and Southampton Water,UK11063,E,Classified/designatd,nationally important,161,Tringa erythropus (Europe/Western Africa),Spotted redshank ,P,13,Individuals,13 i,5 year peak mean 1998/9-2002/3,Nationally important population (GB passage),9.55882352941176,N,433454,93578
7000144,Solent and Southampton Water,UK11063,E,Classified/designatd,nationally important,004,Tachybaptus ruficollis (Western Palearctic),Little grebe ,W,105,Individuals,105 i,5 year peak mean 1998/9-2002/3,Nationally important population (GB wintering),1.35135135135135,N,433454,93578
7000144,Solent and Southampton Water,UK11063,E,Classified/designatd,nationally important,007,Podiceps auritus (North-western Europe),Slavonian grebe ,W,12,Individuals,12 i,5 year peak mean 1998/9-2002/3,Nationally important population (GB wintering),1.6551724137931,N,433454,93578
7000144,Solent and Southampton Water,UK11063,E,Classified/designatd,nationally important,008,Podiceps nigricollis (Western Palearctic),Black-necked grebe ,W,3,Individuals,3 i,5 year peak mean 1998/9-2002/3,Nationally important population (GB wintering),2.5,N,433454,93578
7000144,Solent and Southampton Water,UK11063,E,Classified/designatd,nationally important,118,Rallus aquaticus (Europe),Water rail ,W,17,Individuals,17 i,5 year peak mean 1998/9-2002/3,Nationally important population (GB wintering),3.77777777777778,N,433454,93578
7000144,Solent and Southampton Water,UK11063,E,Classified/designatd,nationally important,164,Tringa nebularia (Europe/Western Africa),Common greenshank ,P,58,Individuals,58 i,5 year peak mean 1998/9-2002/3,Nationally important population (GB passage),9.71524288107203,N,433454,93578
7000144,Solent and Southampton Water,UK11063,E,Classified/designatd,nationally important,176,Larus melanocephalus,Mediterranean gull ,B,11,,11 n,Seabird 2000 Census,Nationally important population (GB breeding),10.1851851851852,N,433454,93578
7000144,Solent and Southampton Water,UK11063,E,Classified/designatd,nationally important,195,Sterna albifrons (Eastern Atlantic - breeding),Little tern ,B,22,,22 n,Seabird 2000 Census,Nationally important population (GB breeding),1.12994350282486,N,433454,93578
7000144,Solent and Southampton Water,UK11063,E,Classified/designatd,nationally important,193,Sterna hirundo (Northern/Eastern Europe - breeding),Common tern ,B,192,,192 n,Seabird 2000 Census,Nationally important population (GB breeding),1.89461219656602,N,433454,93578
7000144,Solent and Southampton Water,UK11063,E,Classified/designatd,nationally important,192,Sterna dougallii (Europe - breeding),Roseate tern ,B,1,,1 n,Seabird 2000 Census,Nationally important population (GB breeding),1.92307692307692,N,433454,93578
7000144,Solent and Southampton Water,UK11063,E,Classified/designatd,nationally important,191,Sterna sandvicensis (Western Europe/Western Africa),Sandwich tern ,B,268,,268 n,Seabird 2000 Census,Nationally important population (GB breeding),2.54365983295368,N,433454,93578
7000144,Solent and Southampton Water,UK11063,E,Classified/designatd,nationally important,069,Mergus serrator (North-western/Central Europe),Red-breasted merganser ,W,142,Individuals,142 i,5 year peak mean 1998/9-2002/3,Nationally important population (GB wintering),1.44308943089431,N,433454,93578
7000144,Solent and Southampton Water,UK11063,E,Classified/designatd,nationally important,179,Larus ridibundus (North-western Europe - breeding),Black-headed gull ,B,6911,,6911 n,Seabird 2000 Census,Nationally important population (GB breeding),5.40314447215555,N,433454,93578
7000144,Solent and Southampton Water,UK11063,E,Classified/designatd,nationally important,017,Phalacrocorax carbo (North-western Europe),Great cormorant ,W,247,Individuals,247 i,5 year peak mean 1998/9-2002/3,Nationally important population (GB wintering),1.07391304347826,N,433454,93578
7000128,Somerset Levels and Moors,UK11064,E,Classified/designatd,nationally important,118,Rallus aquaticus (Europe),Water rail ,W,36,Individuals,36 i,5 year peak mean 1998/9-2002/3,Nationally important population (GB wintering),8,N,339397.3,141693.5
7000128,Somerset Levels and Moors,UK11064,E,Classified/designatd,nationally important,151,Philomachus pugnax (Western Africa - wintering),Ruff ,W,16,Individuals,16 i,5 year peak mean 1998/9-2002/3,Nationally important population (GB wintering),2.28571428571429,N,339397.3,141693.5
7000128,Somerset Levels and Moors,UK11064,E,Classified/designatd,nationally important,051,Anas strepera (North-western Europe),Gadwall ,W,522,Individuals,522 i,5 year peak mean 1998/9-2002/3,Nationally important population (GB wintering),3.05263157894737,N,339397.3,141693.5
7000128,Somerset Levels and Moors,UK11064,E,Classified/designatd,internationally important,052,Anas crecca (North-western Europe),Eurasian teal ,W,21231,Individuals,21231 i,5 year peak mean 1998/9-2002/3,International population (Wintering),5.30775,N,339397.3,141693.5
7000128,Somerset Levels and Moors,UK11064,E,Classified/designatd,internationally important,054,Anas acuta (North-western Europe),Northern pintail ,W,927,Individuals,927 i,5 year peak mean 1998/9-2002/3,International population (Wintering),1.545,N,339397.3,141693.5
7000128,Somerset Levels and Moors,UK11064,E,Classified/designatd,internationally important,056,Anas clypeata (North-western/Central Europe),Northern shoveler ,W,1094,Individuals,1094 i,5 year peak mean 1998/9-2002/3,International population (Wintering),2.735,N,339397.3,141693.5
7000128,Somerset Levels and Moors,UK11064,E,Classified/designatd,internationally important,050,Anas penelope (Western Siberia/North-western/North-eastern Europe),Eurasian wigeon ,W,25759,Individuals,25759 i,5 year peak mean 1998/9-2002/3,International population (Wintering),1.71726666666667,N,339397.3,141693.5
7000128,Somerset Levels and Moors,UK11064,E,Classified/designatd,internationally important,142,Vanellus vanellus (Europe - breeding),Northern lapwing ,W,36580,Individuals,36580 i,5 year peak mean 1998/9-2002/3,International population (Wintering),1.07588235294118,N,339397.3,141693.5
7000128,Somerset Levels and Moors,UK11064,E,Classified/designatd,internationally important,037,Cygnus columbianus bewickii (Western Siberia/North-eastern & North-western Europe),Tundra swan ,W,112,Individuals,112 i,5 year peak mean 1998/9-2002/3,Nationally important population (GB wintering),1.38785625774473,N,339397.3,141693.5
7000128,Somerset Levels and Moors,UK11064,E,Classified/designatd,nationally important,153,Gallinago gallinago (Europe - breeding),Common snipe ,W,1633,Individuals,1633 i,5 year peak mean 1998/9-2002/3,Nationally important population (GB wintering),1.633,N,339397.3,141693.5
7000128,Somerset Levels and Moors,UK11064,E,Classified/designatd,internationally important,WATR,Waterfowl assemblage,Waterfowl assemblage,W,97155,Individuals,97155 i,5 year peak mean 1998/9-2002/3,Waterfowl assemblage - wintering,,N,339397.3,141693.5
7000128,Somerset Levels and Moors,UK11064,E,Classified/designatd,internationally important,036,Cygnus olor (Britain),Mute swan ,W,842,Individuals,842 i,5 year peak mean 1998/9-2002/3,International population (Wintering),2.24533333333333,N,339397.3,141693.5
7000128,Somerset Levels and Moors,UK11064,E,Classified/designatd,nationally important,140,Pluvialis apricaria [North-western Europe - breeding],European golden plover ,W,3857,Individuals,3857 i,5 year peak mean 1998/9-2002/3,Nationally important population (GB wintering),1.5428,N,339397.3,141693.5
7000070,South Tayside Goose Roosts,UK13057,S,Classified/designatd,internationally important,043a,Anser anser [Iceland/UK/Ireland],Greylag goose ,W,3290,Individuals,3290 i,,International population (Wintering),3.69248035914703,N,286421,708044
7000070,South Tayside Goose Roosts,UK13057,S,Classified/designatd,internationally important,040,Anser brachyrhynchus (Eastern Greenland/Iceland/UK),Pink-footed goose ,P,2185,Individuals,2185 i,5 year peak mean 1998/9-2002/3,Nationally important population (GB passage),0.906639004149378,N,286421,708044
7000132,South Uist Machair and Lochs,UK13058,S,Classified/designatd,internationally important,043b,Anser anser [North-western Scotland],Greylag goose ,B,30,Pairs,30 p,Count as at 1995,International population (Breeding),4.5,N,73029,830505
7000132,South Uist Machair and Lochs,UK13058,S,Classified/designatd,internationally important,137,Charadrius hiaticula (Europe/Northern Africa - wintering),Ringed plover ,W,66,Individuals,66 i,5 year peak mean 1998/9-2002/3,Nationally important population (GB wintering),0.203389830508475,N,73029,830505
7000132,South Uist Machair and Lochs,UK13058,S,Classified/designatd,nationally important,195,Sterna albifrons (Eastern Atlantic - breeding),Little tern ,B,24,,24 n,Seabird 2000 Census,Nationally important population (GB breeding),1.2326656394453,N,73029,830505
7000132,South Uist Machair and Lochs,UK13058,S,Classified/designatd,internationally important,137,Charadrius hiaticula (Europe/Northern Africa - wintering),Ringed plover ,B,393,Pairs,393 p,Count as at 1995,International population (Breeding),2.5,N,73029,830505
7000132,South Uist Machair and Lochs,UK13058,S,Classified/designatd,internationally important,043b,Anser anser [North-western Scotland],Greylag goose ,B,30,Pairs,30 p,Count as at 1995,International population (Breeding),,N,73029,830505
7000132,South Uist Machair and Lochs,UK13058,S,Classified/designatd,internationally important,466,Calidris alpina schinzii (Baltic/UK/Ireland),Dunlin ,B,382,Pairs,382 p,2000,International population (Breeding),3.5,N,73029,830505
7000132,South Uist Machair and Lochs,UK13058,S,Classified/designatd,nationally important,122,Crex crex (Europe/Africa/Western Asia),Corn crake ,B,15,Individuals,15 i,5 year mean 1993-1997,Nationally important population (GB breeding),2.54668930390492,N,73029,830505
8,South West London Waterbodies,UK11065,E,Classified/designatd,nationally important,008,Podiceps nigricollis (Western Palearctic),Black-necked grebe ,W,2,Individuals,2 i,5 year peak mean 1998/9-2002/3,Nationally important population (GB wintering),1.66666666666667,N,502500,174600
8,South West London Waterbodies,UK11065,E,Classified/designatd,nationally important,017,Phalacrocorax carbo (North-western Europe),Great cormorant ,P,318,Individuals,318 i,5 year peak mean 1998/9-2002/3,Nationally important population (GB passage),1.38260869565217,N,502500,174600
8,South West London Waterbodies,UK11065,E,Classified/designatd,internationally important,051,Anas strepera (North-western Europe),Gadwall ,W,487,Individuals,487 i,5 year peak mean 1998/9-2002/3,Nationally important population (GB wintering),2.84795321637427,N,502500,174600
8,South West London Waterbodies,UK11065,E,Classified/designatd,internationally important,056,Anas clypeata (North-western/Central Europe),Northern shoveler ,P,397,Individuals,397 i,5 year peak mean 1998/9-2002/3,Nationally important population (GB passage),2.68243243243243,N,502500,174600
8,South West London Waterbodies,UK11065,E,Classified/designatd,nationally important,061,Aythya fuligula (North-western Europe),Tufted duck ,P,2731,Individuals,2731 i,5 year peak mean 1998/9-2002/3,Nationally important population (GB passage),3.03107658157603,N,502500,174600
8,South West London Waterbodies,UK11065,E,Classified/designatd,nationally important,068,Mergellus albellus,Smew ,W,29,Individuals,29 i,5 year peak mean 1998/9-2002/3,Nationally important population (GB wintering),7.83783783783784,N,502500,174600
8,South West London Waterbodies,UK11065,E,Classified/designatd,nationally important,005,Podiceps cristatus (North-western Europe - wintering),Great crested grebe ,P,318,Individuals,318 i,5 year peak mean 1998/9-2002/3,Nationally important population (GB passage),2,N,502500,174600
7000077,Stodmarsh,UK11066,E,Classified/designatd,internationally important,323,Panurus biarmicus,Bearded tit ,W,75,Individuals,75 i,1987-88 - 1991-92,Nationally important population (GB wintering),1.5,N,621081.7,161072.6
7000077,Stodmarsh,UK11066,E,Classified/designatd,internationally important,323,Panurus biarmicus,Bearded tit ,W,75,Individuals,75 i,1987-88 - 1991-92,Nationally important population (GB wintering),1.5,N,621081.7,161072.6
7000077,Stodmarsh,UK11066,E,Classified/designatd,internationally important,021,Botaurus stellaris (Europe - breeding),Great bittern ,W,2,Individuals,2 i,5 year peak mean 1998/9-2002/3,Nationally important population (GB wintering),2,N,621081.7,161072.6
7000077,Stodmarsh,UK11066,E,Classified/designatd,internationally important,323,Panurus biarmicus,Bearded tit ,W,75,Individuals,75 i,1987-88 - 1991-92,Nationally important population (GB wintering),1.5,N,621081.7,161072.6
7000077,Stodmarsh,UK11066,E,Classified/designatd,internationally important,323,Panurus biarmicus,Bearded tit ,W,75,Individuals,75 i,1987-88 - 1991-92,Nationally important population (GB wintering),1.5,N,621081.7,161072.6
7000077,Stodmarsh,UK11066,E,Classified/designatd,internationally important,323,Panurus biarmicus,Bearded tit ,B,42,Pairs,42 p,1988-92,Nationally important population (GB breeding),7,N,621081.7,161072.6
7000077,Stodmarsh,UK11066,E,Classified/designatd,internationally important,323,Panurus biarmicus,Bearded tit ,W,75,Individuals,75 i,1987-88 - 1991-92,Nationally important population (GB wintering),1.5,N,621081.7,161072.6
7000077,Stodmarsh,UK11066,E,Classified/designatd,internationally important,323,Panurus biarmicus,Bearded tit ,W,75,Individuals,75 i,1987-88 - 1991-92,Nationally important population (GB wintering),1.5,N,621081.7,161072.6
7000077,Stodmarsh,UK11066,E,Classified/designatd,internationally important,323,Panurus biarmicus,Bearded tit ,W,75,Individuals,75 i,1987-88 - 1991-92,Nationally important population (GB wintering),1.5,N,621081.7,161072.6
7000077,Stodmarsh,UK11066,E,Classified/designatd,internationally important,323,Panurus biarmicus,Bearded tit ,W,75,Individuals,75 i,1987-88 - 1991-92,Nationally important population (GB wintering),1.5,N,621081.7,161072.6
7000077,Stodmarsh,UK11066,E,Classified/designatd,internationally important,323,Panurus biarmicus,Bearded tit ,W,75,Individuals,75 i,1987-88 - 1991-92,Nationally important population (GB wintering),1.5,N,621081.7,161072.6
7000077,Stodmarsh,UK11066,E,Classified/designatd,internationally important,323,Panurus biarmicus,Bearded tit ,W,75,Individuals,75 i,1987-88 - 1991-92,Nationally important population (GB wintering),1.5,N,621081.7,161072.6
7000077,Stodmarsh,UK11066,E,Classified/designatd,internationally important,323,Panurus biarmicus,Bearded tit ,W,75,Individuals,75 i,1987-88 - 1991-92,Nationally important population (GB wintering),1.5,N,621081.7,161072.6
7000077,Stodmarsh,UK11066,E,Classified/designatd,internationally important,323,Panurus biarmicus,Bearded tit ,W,75,Individuals,75 i,1987-88 - 1991-92,Nationally important population (GB wintering),1.5,N,621081.7,161072.6
7000077,Stodmarsh,UK11066,E,Classified/designatd,internationally important,323,Panurus biarmicus,Bearded tit ,W,75,Individuals,75 i,1987-88 - 1991-92,Nationally important population (GB wintering),1.5,N,621081.7,161072.6
7000077,Stodmarsh,UK11066,E,Classified/designatd,internationally important,051,Anas strepera (North-western Europe),Gadwall ,B,6,Pairs,6 p,1988-92,Nationally important population (GB breeding),1,N,621081.7,161072.6
7000077,Stodmarsh,UK11066,E,Classified/designatd,internationally important,323,Panurus biarmicus,Bearded tit ,W,75,Individuals,75 i,1987-88 - 1991-92,Nationally important population (GB wintering),1.5,N,621081.7,161072.6
7000077,Stodmarsh,UK11066,E,Classified/designatd,internationally important,323,Panurus biarmicus,Bearded tit ,W,75,Individuals,75 i,1987-88 - 1991-92,Nationally important population (GB wintering),1.5,N,621081.7,161072.6
7000077,Stodmarsh,UK11066,E,Classified/designatd,internationally important,323,Panurus biarmicus,Bearded tit ,W,75,Individuals,75 i,1987-88 - 1991-92,Nationally important population (GB wintering),1.5,N,621081.7,161072.6
7000077,Stodmarsh,UK11066,E,Classified/designatd,internationally important,323,Panurus biarmicus,Bearded tit ,W,75,Individuals,75 i,1987-88 - 1991-92,Nationally important population (GB wintering),1.5,N,621081.7,161072.6
7000077,Stodmarsh,UK11066,E,Classified/designatd,internationally important,323,Panurus biarmicus,Bearded tit ,W,75,Individuals,75 i,1987-88 - 1991-92,Nationally important population (GB wintering),1.5,N,621081.7,161072.6
7000077,Stodmarsh,UK11066,E,Classified/designatd,internationally important,323,Panurus biarmicus,Bearded tit ,W,75,Individuals,75 i,1987-88 - 1991-92,Nationally important population (GB wintering),1.5,N,621081.7,161072.6
7000077,Stodmarsh,UK11066,E,Classified/designatd,internationally important,323,Panurus biarmicus,Bearded tit ,W,75,Individuals,75 i,1987-88 - 1991-92,Nationally important population (GB wintering),1.5,N,621081.7,161072.6
7000077,Stodmarsh,UK11066,E,Classified/designatd,internationally important,323,Panurus biarmicus,Bearded tit ,W,75,Individuals,75 i,1987-88 - 1991-92,Nationally important population (GB wintering),1.5,N,621081.7,161072.6
7000077,Stodmarsh,UK11066,E,Classified/designatd,internationally important,323,Panurus biarmicus,Bearded tit ,W,75,Individuals,75 i,1987-88 - 1991-92,Nationally important population (GB wintering),1.5,N,621081.7,161072.6
7000077,Stodmarsh,UK11066,E,Classified/designatd,internationally important,082,Circus cyaneus,Hen harrier,W,9,Individuals,9 i,5 winter period peak count 1987/8-1991/2,Nationally important population (GB wintering),1.2,N,621081.7,161072.6
7000077,Stodmarsh,UK11066,E,Classified/designatd,internationally important,323,Panurus biarmicus,Bearded tit ,W,75,Individuals,75 i,1987-88 - 1991-92,Nationally important population (GB wintering),1.5,N,621081.7,161072.6
7000077,Stodmarsh,UK11066,E,Classified/designatd,internationally important,323,Panurus biarmicus,Bearded tit ,W,75,Individuals,75 i,1987-88 - 1991-92,Nationally important population (GB wintering),1.5,N,621081.7,161072.6
7000077,Stodmarsh,UK11066,E,Classified/designatd,internationally important,323,Panurus biarmicus,Bearded tit ,W,75,Individuals,75 i,1987-88 - 1991-92,Nationally important population (GB wintering),1.5,N,621081.7,161072.6
7000077,Stodmarsh,UK11066,E,Classified/designatd,nationally important,118,Rallus aquaticus (Europe),Water rail ,W,28,Individuals,28 i,5 year peak mean 1998/9-2002/3,Nationally important population (GB wintering),6.22222222222222,N,621081.7,161072.6
7000077,Stodmarsh,UK11066,E,Classified/designatd,internationally important,056,Anas clypeata (North-western/Central Europe),Northern shoveler ,W,274,Individuals,274 i,5 year peak mean 1998/9-2002/3,Nationally important population (GB wintering),1.85135135135135,N,621081.7,161072.6
7000077,Stodmarsh,UK11066,E,Classified/designatd,internationally important,051,Anas strepera (North-western Europe),Gadwall ,P,267,Individuals,267 i,5 year peak mean 1998/9-2002/3,Nationally important population (GB passage),1.56140350877193,N,621081.7,161072.6
7000077,Stodmarsh,UK11066,E,Classified/designatd,internationally important,323,Panurus biarmicus,Bearded tit ,W,75,Individuals,75 i,1987-88 - 1991-92,Nationally important population (GB wintering),1.5,N,621081.7,161072.6
7000077,Stodmarsh,UK11066,E,Classified/designatd,internationally important,323,Panurus biarmicus,Bearded tit ,W,75,Individuals,75 i,1987-88 - 1991-92,Nationally important population (GB wintering),1.5,N,621081.7,161072.6
7000077,Stodmarsh,UK11066,E,Classified/designatd,nationally important,151,Philomachus pugnax (Western Africa - wintering),Ruff ,W,19,Individuals,19 i,5 year peak mean 1998/9-2002/3,Nationally important population (GB wintering),2.71428571428571,N,621081.7,161072.6
7000077,Stodmarsh,UK11066,E,Classified/designatd,internationally important,323,Panurus biarmicus,Bearded tit ,W,75,Individuals,75 i,1987-88 - 1991-92,Nationally important population (GB wintering),1.5,N,621081.7,161072.6
7000077,Stodmarsh,UK11066,E,Classified/designatd,internationally important,323,Panurus biarmicus,Bearded tit ,W,75,Individuals,75 i,1987-88 - 1991-92,Nationally important population (GB wintering),1.5,N,621081.7,161072.6
7000077,Stodmarsh,UK11066,E,Classified/designatd,internationally important,323,Panurus biarmicus,Bearded tit ,W,75,Individuals,75 i,1987-88 - 1991-92,Nationally important population (GB wintering),1.5,N,621081.7,161072.6
7000077,Stodmarsh,UK11066,E,Classified/designatd,internationally important,323,Panurus biarmicus,Bearded tit ,W,75,Individuals,75 i,1987-88 - 1991-92,Nationally important population (GB wintering),1.5,N,621081.7,161072.6
7000077,Stodmarsh,UK11066,E,Classified/designatd,internationally important,323,Panurus biarmicus,Bearded tit ,W,75,Individuals,75 i,1987-88 - 1991-92,Nationally important population (GB wintering),1.5,N,621081.7,161072.6
7000084,Stour and Orwell Estuaries,UK11067,E,Classified/designatd,internationally important,WATR,Waterfowl assemblage,Waterfowl assemblage,W,63017,Individuals,63017 i,5-year peak mean 1995/96-1999/2000,Waterfowl assemblage - wintering,,N,617267.67,233183.85
7000084,Stour and Orwell Estuaries,UK11067,E,Classified/designatd,internationally important,054,Anas acuta (North-western Europe),Northern pintail ,W,741,Individuals,741 i,5-year peak mean 1995/96-1999/2000,International population (Wintering),1.2,N,617267.67,233183.85
7000084,Stour and Orwell Estuaries,UK11067,E,Classified/designatd,internationally important,195,Sterna albifrons (Eastern Atlantic - breeding),Little tern ,B,46,,46 n,Seabird 2000 Census,Nationally important population (GB breeding),2.36260914227016,N,617267.67,233183.85
7000084,Stour and Orwell Estuaries,UK11067,E,Classified/designatd,internationally important,161,Tringa erythropus (Europe/Western Africa),Spotted redshank ,W,4,Individuals,4 i,5 year peak mean 1998/9-2002/3,Nationally important population (GB wintering),2.94117647058824,N,617267.67,233183.85
7000084,Stour and Orwell Estuaries,UK11067,E,Classified/designatd,nationally important,132,Recurvirostra avosetta (Western Europe/Western Mediterranean - breeding),Pied avocet ,B,21,Pairs,21 p,5-year peak mean 1996-2000,Nationally important population (GB breeding),2.8,N,617267.67,233183.85
7000084,Stour and Orwell Estuaries,UK11067,E,Classified/designatd,internationally important,046a,Branta bernicla bernicla (Western Siberia/Western Europe),Dark-bellied brent goose,W,2627,Individuals,2627 i,5-year peak mean 1995/96-1999/2000,International population (Wintering),1.2,N,617267.67,233183.85
7000084,Stour and Orwell Estuaries,UK11067,E,Classified/designatd,internationally important,067,Bucephala clangula (North-western/Central Europe),Common goldeneye ,W,328,Individuals,328 i,5 year peak mean 1998/9-2002/3,Nationally important population (GB wintering),1.31726907630522,N,617267.67,233183.85
7000084,Stour and Orwell Estuaries,UK11067,E,Classified/designatd,internationally important,151,Philomachus pugnax (Western Africa - wintering),Ruff ,P,2,Individuals,2 i,5 year peak mean 1998/9-2002/3,Nationally important population (GB passage),0.285714285714286,N,617267.67,233183.85
7000084,Stour and Orwell Estuaries,UK11067,E,Classified/designatd,internationally important,149,Calidris alpina alpina (Northern Siberia/Europe/Western Africa),Dunlin ,W,19114,Individuals,19114 i,5-year peak mean 1995/96-1999/2000,International population (Wintering),1.4,N,617267.67,233183.85
7000084,Stour and Orwell Estuaries,UK11067,E,Classified/designatd,internationally important,143,Calidris canutus (North-eastern Canada/Greenland/Iceland/North-western Europe),Red knot ,W,5970,Individuals,5970 i,5-year peak mean 1995/96-1999/2000,International population (Wintering),1.3,N,617267.67,233183.85
7000084,Stour and Orwell Estuaries,UK11067,E,Classified/designatd,internationally important,156,Limosa limosa islandica (Iceland - breeding),Black-tailed godwit ,W,2559,Individuals,2559 i,5-year peak mean 1995/96-1999/2000,International population (Wintering),7.3,N,617267.67,233183.85
7000084,Stour and Orwell Estuaries,UK11067,E,Classified/designatd,nationally important,169,Arenaria interpres (Western Palearctic - wintering),Ruddy turnstone ,W,690,Individuals,690 i,5-year peak mean 1995/96-1999/2000,Nationally important population (GB wintering),1.4,N,617267.67,233183.85
7000084,Stour and Orwell Estuaries,UK11067,E,Classified/designatd,internationally important,162,Tringa totanus (Eastern Atlantic - wintering),Common redshank ,W,3687,Individuals,3687 i,5-year peak mean 1995/96-1999/2000,International population (Wintering),2.8,N,617267.67,233183.85
7000084,Stour and Orwell Estuaries,UK11067,E,Classified/designatd,internationally important,050,Anas penelope (Western Siberia/North-western/North-eastern Europe),Eurasian wigeon ,W,3019,Individuals,3019 i,5 year peak mean 1998/9-2002/3,Nationally important population (GB wintering),0.743596059113301,N,617267.67,233183.85
7000084,Stour and Orwell Estuaries,UK11067,E,Classified/designatd,internationally important,141,Pluvialis squatarola (Eastern Atlantic - wintering),Grey plover ,W,3261,Individuals,3261 i,5-year peak mean 1995/96-1999/2000,International population (Wintering),1.3,N,617267.67,233183.85
7000084,Stour and Orwell Estuaries,UK11067,E,Classified/designatd,internationally important,164,Tringa nebularia (Europe/Western Africa),Common greenshank ,P,68,Individuals,68 i,5 year peak mean 1998/9-2002/3,Nationally important population (GB passage),11.3902847571189,N,617267.67,233183.85
7000084,Stour and Orwell Estuaries,UK11067,E,Classified/designatd,internationally important,162,Tringa totanus (Eastern Atlantic - wintering),Common redshank ,P,2588,Individuals,2588 i,5-year peak mean 1995/96-1999/2000,International population (passage),2,N,617267.67,233183.85
7000084,Stour and Orwell Estuaries,UK11067,E,Classified/designatd,nationally important,017,Phalacrocorax carbo (North-western Europe),Great cormorant ,W,232,Individuals,232 i,5-year peak mean 1995/96-1999/2000,Nationally important population (GB wintering),1,N,617267.67,233183.85
7000084,Stour and Orwell Estuaries,UK11067,E,Classified/designatd,nationally important,005,Podiceps cristatus (North-western Europe - wintering),Great crested grebe ,W,245,Individuals,245 i,5-year peak mean 1995/96-1999/2000,Nationally important population (GB wintering),1.5,N,617267.67,233183.85
7000084,Stour and Orwell Estuaries,UK11067,E,Classified/designatd,nationally important,048,Tadorna tadorna (North-western Europe),Common shelduck ,W,2955,Individuals,2955 i,5-year peak mean 1995/96-1999/2000,Nationally important population (GB wintering),3.8,N,617267.67,233183.85
7000084,Stour and Orwell Estuaries,UK11067,E,Classified/designatd,nationally important,160,Numenius arquata (Europe - breeding),Eurasian curlew ,W,1824,Individuals,1824 i,5-year peak mean 1995/96-1999/2000,Nationally important population (GB wintering),1.2,N,617267.67,233183.85
7000084,Stour and Orwell Estuaries,UK11067,E,Classified/designatd,nationally important,137,Charadrius hiaticula (Europe/Northern Africa - wintering),Ringed plover ,P,638,Individuals,638 i,5-year peak mean 1995/96-1999/2000,Nationally important population (GB passage),2.1,N,617267.67,233183.85
7000131,Strangford Lough,UK12021,NI,Classified/designatd,internationally important,191,Sterna sandvicensis (Western Europe/Western Africa),Sandwich tern ,B,894,,894 n,Seabird 2000 Census,International population (Breeding),1.04,N,166945.6202,511439.7729
7000131,Strangford Lough,UK12021,NI,Classified/designatd,nationally important,017,Phalacrocorax carbo (North-western Europe),Great cormorant ,B,278,,278 n,Seabird 2000 Census,Nationally important population (all Ireland breeding),5.91489361702128,N,166945.6202,511439.7729
7000131,Strangford Lough,UK12021,NI,Classified/designatd,nationally important,179,Larus ridibundus (North-western Europe - breeding),Black-headed gull ,B,1706,,1706 n,Seabird 2000 Census,Nationally important population (all Ireland breeding),3.17100371747212,N,166945.6202,511439.7729
7000131,Strangford Lough,UK12021,NI,Classified/designatd,nationally important,182,Larus canus (West and Central Europe),Mew gull ,B,82,,82 n,Seabird 2000 Census,Nationally important population (all Ireland breeding),2.27777777777778,N,166945.6202,511439.7729
7000131,Strangford Lough,UK12021,NI,Classified/designatd,nationally important,183,Larus fuscus (Western Europe/Mediterranean/Western Africa),Lesser black-backed gull ,B,128,,128 n,Seabird 2000 Census,Nationally important population (all Ireland breeding),2.46153846153846,N,166945.6202,511439.7729
7000131,Strangford Lough,UK12021,NI,Classified/designatd,nationally important,194,Sterna paradisaea (Arctic - breeding/Southern Oceans - wintering),Arctic tern ,B,54,,54 n,Seabird 2000 Census,Nationally important population (all Ireland breeding),2.16,N,166945.6202,511439.7729
7000131,Strangford Lough,UK12021,NI,Classified/designatd,internationally important,193,Sterna hirundo (Northern/Eastern Europe - breeding),Common tern ,B,554,,554 n,Seabird 2000 Census,Nationally important population (all Ireland breeding),17.8709677419355,N,166945.6202,511439.7729
7000131,Strangford Lough,UK12021,NI,Classified/designatd,nationally important,017,Phalacrocorax carbo (North-western Europe),Great cormorant ,P,268,Individuals,268 i,5 year peak mean 1998/9-2002/3,Nationally important population (all Ireland passage),5.36,N,166945.6202,511439.7729
7000131,Strangford Lough,UK12021,NI,Classified/designatd,nationally important,067,Bucephala clangula (North-western/Central Europe),Common goldeneye ,W,239,Individuals,239 i,5 year peak mean 1998/9-2002/3,Nationally important population (all Ireland wintering),2.17272727272727,N,166945.6202,511439.7729
7000131,Strangford Lough,UK12021,NI,Classified/designatd,nationally important,063,Somateria mollissima (Britain/Ireland),Common eider ,W,144,Individuals,144 i,5 year peak mean 1998/9-2002/3,Nationally important population (all Ireland wintering),7.2,N,166945.6202,511439.7729
7000131,Strangford Lough,UK12021,NI,Classified/designatd,nationally important,056,Anas clypeata (North-western/Central Europe),Northern shoveler ,W,167,Individuals,167 i,5 year peak mean 1998/9-2002/3,Nationally important population (all Ireland wintering),2.56923076923077,N,166945.6202,511439.7729
7000131,Strangford Lough,UK12021,NI,Classified/designatd,nationally important,054,Anas acuta (North-western Europe),Northern pintail ,W,318,Individuals,318 i,5 year peak mean 1998/9-2002/3,Nationally important population (all Ireland wintering),5.3,N,166945.6202,511439.7729
7000131,Strangford Lough,UK12021,NI,Classified/designatd,nationally important,053,Anas platyrhynchos (North-western Europe),Mallard ,P,1719,Individuals,1719 i,5 year peak mean 1998/9-2002/3,Nationally important population (all Ireland passage),3.438,N,166945.6202,511439.7729
7000131,Strangford Lough,UK12021,NI,Classified/designatd,nationally important,050,Anas penelope (Western Siberia/North-western/North-eastern Europe),Eurasian wigeon ,W,2544,Individuals,2544 i,5 year peak mean 1998/9-2002/3,Nationally important population (all Ireland wintering),2.0352,N,166945.6202,511439.7729
7000131,Strangford Lough,UK12021,NI,Classified/designatd,nationally important,069,Mergus serrator (North-western/Central Europe),Red-breasted merganser ,W,205,Individuals,205 i,5 year peak mean 1998/9-2002/3,Nationally important population (all Ireland wintering),10.25,N,166945.6202,511439.7729
7000131,Strangford Lough,UK12021,NI,Classified/designatd,nationally important,005,Podiceps cristatus (North-western Europe - wintering),Great crested grebe ,W,142,Individuals,142 i,5 year peak mean 1998/9-2002/3,Nationally important population (all Ireland wintering),4.05714285714286,N,166945.6202,511439.7729
7000131,Strangford Lough,UK12021,NI,Classified/designatd,nationally important,051,Anas strepera (North-western Europe),Gadwall ,P,62,Individuals,62 i,5 year peak mean 1998/9-2002/3,Nationally important population (all Ireland passage),10.3333333333333,N,166945.6202,511439.7729
7000131,Strangford Lough,UK12021,NI,Classified/designatd,nationally important,036,Cygnus olor (Britain),Mute swan ,P,175,Individuals,175 i,5 year peak mean 1998/9-2002/3,Nationally important population (all Ireland passage),,N,166945.6202,511439.7729
7000131,Strangford Lough,UK12021,NI,Classified/designatd,nationally important,038,Cygnus cygnus (Iceland/UK/Ireland),Whooper swan ,W,172,Individuals,172 i,5 year peak mean 1998/9-2002/3,Nationally important population (all Ireland wintering),1.66666666666667,N,166945.6202,511439.7729
7000131,Strangford Lough,UK12021,NI,Classified/designatd,nationally important,045a,Branta leucopsis [Eastern Greenland/Scotland/Ireland],Barnacle goose ,P,170,Individuals,170 i,5 year peak mean 1998/9-2002/3,Nationally important population (all Ireland passage),2.26666666666667,N,166945.6202,511439.7729
7000131,Strangford Lough,UK12021,NI,Classified/designatd,internationally important,046b,Branta bernicla hrota [Canada/Ireland],Light-bellied brent goose,P,10863,Individuals,10863 i,5 year peak mean 1998/9-2002/3,International population (passage),54.315,N,166945.6202,511439.7729
7000131,Strangford Lough,UK12021,NI,Classified/designatd,internationally important,048,Tadorna tadorna (North-western Europe),Common shelduck ,W,3504,Individuals,3504 i,5 year peak mean 1998/9-2002/3,International population (Wintering),1.168,N,166945.6202,511439.7729
7000131,Strangford Lough,UK12021,NI,Classified/designatd,nationally important,043a,Anser anser [Iceland/UK/Ireland],Greylag goose ,W,420,Individuals,420 i,5 year peak mean 1992/3-1996/7,Nationally important population (all Ireland wintering),11.0526315789474,N,166945.6202,511439.7729
7000131,Strangford Lough,UK12021,NI,Classified/designatd,nationally important,004,Tachybaptus ruficollis (Western Palearctic),Little grebe ,W,95,Individuals,95 i,5 year peak mean 1998/9-2002/3,Nationally important population (all Ireland wintering),1.9,N,166945.6202,511439.7729
7000131,Strangford Lough,UK12021,NI,Classified/designatd,nationally important,149,Calidris alpina alpina (Northern Siberia/Europe/Western Africa),Dunlin ,W,4119,Individuals,4119 i,5 year peak mean 1998/9-2002/3,Nationally important population (all Ireland wintering),3.2952,N,166945.6202,511439.7729
7000131,Strangford Lough,UK12021,NI,Classified/designatd,nationally important,157,Limosa lapponica (Western Palearctic - wintering),Bar-tailed godwit ,W,1155,Individuals,1155 i,5 year peak mean 1998/9-2002/3,Nationally important population (all Ireland wintering),7.21875,N,166945.6202,511439.7729
7000131,Strangford Lough,UK12021,NI,Classified/designatd,nationally important,125,Fulica atra (North-western Europe - wintering),Common coot ,P,440,Individuals,440 i,5 year peak mean 1998/9-2002/3,Nationally important population (all Ireland passage),1.76,N,166945.6202,511439.7729
7000131,Strangford Lough,UK12021,NI,Classified/designatd,nationally important,160,Numenius arquata (Europe - breeding),Eurasian curlew ,W,1673,Individuals,1673 i,5 year peak mean 1998/9-2002/3,Nationally important population (all Ireland wintering),1.912,N,166945.6202,511439.7729
7000131,Strangford Lough,UK12021,NI,Classified/designatd,internationally important,162,Tringa totanus (Eastern Atlantic - wintering),Common redshank ,P,4145,Individuals,4145 i,5 year peak mean 1998/9-2002/3,International population (passage),1.2,N,166945.6202,511439.7729
7000131,Strangford Lough,UK12021,NI,Classified/designatd,nationally important,164,Tringa nebularia (Europe/Western Africa),Common greenshank ,P,64,Individuals,64 i,5 year peak mean 1998/9-2002/3,Nationally important population (all Ireland passage),7.11111111111111,N,166945.6202,511439.7729
7000131,Strangford Lough,UK12021,NI,Classified/designatd,nationally important,169,Arenaria interpres (Western Palearctic - wintering),Ruddy turnstone ,W,235,Individuals,235 i,5 year peak mean 1998/9-2002/3,Nationally important population (all Ireland wintering),1.04444444444444,N,166945.6202,511439.7729
7000131,Strangford Lough,UK12021,NI,Classified/designatd,nationally important,156,Limosa limosa islandica (Iceland - breeding),Black-tailed godwit ,W,165,Individuals,165 i,5 year peak mean 1998/9-2002/3,Nationally important population (all Ireland wintering),1.83333333333333,N,166945.6202,511439.7729
7000131,Strangford Lough,UK12021,NI,Classified/designatd,internationally important,WATR,Waterfowl assemblage,Waterfowl assemblage,W,74876,Individuals,74876 i,5 year peak mean 1998/9-2002/3,Waterfowl assemblage - wintering,,N,166945.6202,511439.7729
7000131,Strangford Lough,UK12021,NI,Classified/designatd,nationally important,052,Anas crecca (North-western Europe),Eurasian teal ,W,1866,Individuals,1866 i,5 year peak mean 1998/9-2002/3,Nationally important population (all Ireland wintering),2.87076923076923,N,166945.6202,511439.7729
7000131,Strangford Lough,UK12021,NI,Classified/designatd,internationally important,143,Calidris canutus (North-eastern Canada/Greenland/Iceland/North-western Europe),Red knot ,W,4796,Individuals,4796 i,5 year peak mean 1998/9-2002/3,International population (Wintering),1.06577777777778,N,166945.6202,511439.7729
7000131,Strangford Lough,UK12021,NI,Classified/designatd,nationally important,142,Vanellus vanellus (Europe - breeding),Northern lapwing ,W,7390,Individuals,7390 i,5 year peak mean 1998/9-2002/3,Nationally important population (all Ireland wintering),2.956,N,166945.6202,511439.7729
7000131,Strangford Lough,UK12021,NI,Classified/designatd,nationally important,141,Pluvialis squatarola (Eastern Atlantic - wintering),Grey plover ,W,284,Individuals,284 i,5 year peak mean 1998/9-2002/3,Nationally important population (all Ireland wintering),7.1,N,166945.6202,511439.7729
7000131,Strangford Lough,UK12021,NI,Classified/designatd,nationally important,140,Pluvialis apricaria [North-western Europe - breeding],European golden plover ,W,7063,Individuals,7063 i,5 year peak mean 1998/9-2002/3,Nationally important population (all Ireland wintering),3.5315,N,166945.6202,511439.7729
7000131,Strangford Lough,UK12021,NI,Classified/designatd,nationally important,137,Charadrius hiaticula (Europe/Northern Africa - wintering),Ringed plover ,P,199,Individuals,199 i,5 year peak mean 1998/9-2002/3,Nationally important population (all Ireland passage),1.592,N,166945.6202,511439.7729
7000131,Strangford Lough,UK12021,NI,Classified/designatd,nationally important,130,Haematopus ostralegus (Europe & Northern/Western Africa),Eurasian oystercatcher ,W,7382,Individuals,7382 i,5 year peak mean 1998/9-2002/3,Nationally important population (all Ireland wintering),14.764,N,166945.6202,511439.7729
7000101,Teesmouth and Cleveland Coast,UK11068,E,Classified/designatd,internationally important,162,Tringa totanus (Eastern Atlantic - wintering),Common redshank ,P,883,Individuals,883 i,5 year peak mean 1998/9-2002/3,Nationally important population (GB passage),0.760551248923342,N,456883.9,526532.8
7000101,Teesmouth and Cleveland Coast,UK11068,E,Classified/designatd,nationally important,195,Sterna albifrons (Eastern Atlantic - breeding),Little tern ,B,40,Pairs,40 p,Five year mean for 1995 to 1998,Nationally important population (GB breeding),2.05444273240883,N,456883.9,526532.8
7000101,Teesmouth and Cleveland Coast,UK11068,E,Classified/designatd,internationally important,191,Sterna sandvicensis (Western Europe/Western Africa),Sandwich tern ,P,1900,Individuals,1900 i,Five year mean for 1998 to 1992,International population (passage),1.15151515151515,N,456883.9,526532.8
7000101,Teesmouth and Cleveland Coast,UK11068,E,Classified/designatd,internationally important,143,Calidris canutus (North-eastern Canada/Greenland/Iceland/North-western Europe),Red knot ,W,2579,Individuals,2579 i,5 year peak mean 1998/9-2002/3,Nationally important population (GB wintering),0.909379407616361,N,456883.9,526532.8
7000101,Teesmouth and Cleveland Coast,UK11068,E,Classified/designatd,nationally important,164,Tringa nebularia (Europe/Western Africa),Common greenshank ,P,7,Individuals,7 i,5 year peak mean 1998/9-2002/3,Nationally important population (GB passage),1.17252931323283,N,456883.9,526532.8
7000101,Teesmouth and Cleveland Coast,UK11068,E,Classified/designatd,internationally important,WATR,Waterfowl assemblage,Waterfowl assemblage,W,9528,Individuals,9528 i,5 year peak mean 1998/9-2002/3,Waterfowl assemblage - wintering,,N,456883.9,526532.8
7000101,Teesmouth and Cleveland Coast,UK11068,E,Classified/designatd,nationally important,056,Anas clypeata (North-western/Central Europe),Northern shoveler ,P,7,Individuals,7 i,5 year peak mean 1998/9-2002/3,Nationally important population (GB passage),4.72972972972973E-02,N,456883.9,526532.8
7000145,Thames Estuary and Marshes,UK11069,E,Classified/designatd,internationally important,156,Limosa limosa islandica (Iceland - breeding),Black-tailed godwit ,P,1640,Individuals,1640 i,5 year peak mean 1998/9-2002/3,International population (passage),4.68571428571429,N,573629.466,177206.724
7000145,Thames Estuary and Marshes,UK11069,E,Classified/designatd,nationally important,161,Tringa erythropus (Europe/Western Africa),Spotted redshank ,W,6,Individuals,6 i,5 year peak mean 1998/9-2002/3,Nationally important population (GB wintering),4.41176470588235,N,573629.466,177206.724
7000145,Thames Estuary and Marshes,UK11069,E,Classified/designatd,internationally important,162,Tringa totanus (Eastern Atlantic - wintering),Common redshank ,W,1178,Individuals,1178 i,5 year peak mean 1998/9-2002/3,Nationally important population (GB wintering),1.01464254952627,N,573629.466,177206.724
7000145,Thames Estuary and Marshes,UK11069,E,Classified/designatd,nationally important,164,Tringa nebularia (Europe/Western Africa),Common greenshank ,P,38,Individuals,38 i,5 year peak mean 1998/9-2002/3,Nationally important population (GB passage),6.36515912897822,N,573629.466,177206.724
7000145,Thames Estuary and Marshes,UK11069,E,Classified/designatd,internationally important,WATR,Waterfowl assemblage,Waterfowl assemblage,W,45118,Individuals,45118 i,5 year peak mean 1998/9-2002/3,Waterfowl assemblage - wintering,,N,573629.466,177206.724
7000145,Thames Estuary and Marshes,UK11069,E,Classified/designatd,nationally important,151,Philomachus pugnax (Western Africa - wintering),Ruff ,P,23,Individuals,23 i,5 year peak mean 1998/9-2002/3,Nationally important population (GB passage),3.28571428571429,N,573629.466,177206.724
7000145,Thames Estuary and Marshes,UK11069,E,Classified/designatd,internationally important,149,Calidris alpina alpina (Northern Siberia/Europe/Western Africa),Dunlin ,W,15171,Individuals,15171 i,5 year peak mean 1998/9-2002/3,International population (Wintering),1.14067669172932,N,573629.466,177206.724
7000145,Thames Estuary and Marshes,UK11069,E,Classified/designatd,internationally important,141,Pluvialis squatarola (Eastern Atlantic - wintering),Grey plover ,W,1643,Individuals,1643 i,5 year peak mean 1998/9-2002/3,Nationally important population (GB wintering),3.11469194312796,N,573629.466,177206.724
7000145,Thames Estuary and Marshes,UK11069,E,Classified/designatd,internationally important,143,Calidris canutus (North-eastern Canada/Greenland/Iceland/North-western Europe),Red knot ,W,7279,Individuals,7279 i,5 year peak mean 1998/9-2002/3,International population (Wintering),1.61755555555556,N,573629.466,177206.724
7000145,Thames Estuary and Marshes,UK11069,E,Classified/designatd,nationally important,118,Rallus aquaticus (Europe),Water rail ,W,6,Individuals,6 i,5 year peak mean 1998/9-2002/3,Nationally important population (GB wintering),1.33333333333333,N,573629.466,177206.724
7000145,Thames Estuary and Marshes,UK11069,E,Classified/designatd,nationally important,048,Tadorna tadorna (North-western Europe),Common shelduck ,W,1238,Individuals,1238 i,5 year peak mean 1998/9-2002/3,Nationally important population (GB wintering),1.58312020460358,N,573629.466,177206.724
7000145,Thames Estuary and Marshes,UK11069,E,Classified/designatd,internationally important,137,Charadrius hiaticula (Europe/Northern Africa - wintering),Ringed plover ,P,595,Individuals,595 i,5 year peak mean 1998/9-2002/3,Nationally important population (GB passage),1.83359013867488,N,573629.466,177206.724
7000145,Thames Estuary and Marshes,UK11069,E,Classified/designatd,nationally important,056,Anas clypeata (North-western/Central Europe),Northern shoveler ,W,288,Individuals,288 i,5 year peak mean 1998/9-2002/3,Nationally important population (GB wintering),1.94594594594595,N,573629.466,177206.724
7000145,Thames Estuary and Marshes,UK11069,E,Classified/designatd,nationally important,004,Tachybaptus ruficollis (Western Palearctic),Little grebe ,P,251,Individuals,251 i,5 year peak mean 1998/9-2002/3,Nationally important population (GB passage),3.23037323037323,N,573629.466,177206.724
7000145,Thames Estuary and Marshes,UK11069,E,Classified/designatd,nationally important,132,Recurvirostra avosetta (Western Europe/Western Mediterranean - breeding),Pied avocet ,W,607,Individuals,607 i,5 year peak mean 1998/9-2002/3,Nationally important population (GB wintering),17.879234167894,N,573629.466,177206.724
7000145,Thames Estuary and Marshes,UK11069,E,Classified/designatd,nationally important,026,Egretta garzetta (Sub-Saharan Africa - breeding),Little egret ,P,54,Individuals,54 i,5 year peak mean 1998/9-2002/3,Nationally important population (GB passage),3.27272727272727,N,573629.466,177206.724
7000145,Thames Estuary and Marshes,UK11069,E,Classified/designatd,nationally important,051,Anas strepera (North-western Europe),Gadwall ,W,359,Individuals,359 i,5 year peak mean 1998/9-2002/3,Nationally important population (GB wintering),2.09941520467836,N,573629.466,177206.724
7000086,Thanet Coast and Sandwich Bay,UK11070,E,Classified/designatd,nationally important,005,Podiceps cristatus (North-western Europe - wintering),Great crested grebe ,W,218,Individuals,218 i,5 year peak mean 1998/9-2002/3,Nationally important population (GB wintering),1.37106918238994,N,635561.4,161712.6
7000086,Thanet Coast and Sandwich Bay,UK11070,E,Classified/designatd,nationally important,137,Charadrius hiaticula (Europe/Northern Africa - wintering),Ringed plover ,P,649,Individuals,649 i,5 year peak mean 1998/9-2002/3,Nationally important population (GB passage),2,N,635561.4,161712.6
7000086,Thanet Coast and Sandwich Bay,UK11070,E,Classified/designatd,nationally important,140,Pluvialis apricaria [North-western Europe - breeding],European golden plover ,W,4190,Individuals,4190 i,5 year peak mean 1998/9-2002/3,Nationally important population (GB wintering),1.676,N,635561.4,161712.6
7000086,Thanet Coast and Sandwich Bay,UK11070,E,Classified/designatd,nationally important,144,Calidris alba (Eastern Atlantic/Western & Southern Africa - wintering),Sanderling ,W,598,Individuals,598 i,5 year peak mean 1998/9-2002/3,Nationally important population (GB wintering),2.91139240506329,N,635561.4,161712.6
7000086,Thanet Coast and Sandwich Bay,UK11070,E,Classified/designatd,nationally important,164,Tringa nebularia (Europe/Western Africa),Common greenshank ,P,35,Individuals,35 i,5 year peak mean 1998/9-2002/3,Nationally important population (GB passage),5.86264656616415,N,635561.4,161712.6
7000086,Thanet Coast and Sandwich Bay,UK11070,E,Classified/designatd,internationally important,169,Arenaria interpres (Western Palearctic - wintering),Ruddy turnstone ,W,1007,Individuals,1007 i,5 year peak mean 1998/9-2002/3,International population (Wintering),1.07127659574468,N,635561.4,161712.6
7000086,Thanet Coast and Sandwich Bay,UK11070,E,Classified/designatd,nationally important,001,Gavia stellata (North-western Europe - wintering),Red-throated diver ,W,57,Individuals,57 i,5 year peak mean 1998/9-2002/3,Nationally important population (GB wintering),1.17525773195876,N,635561.4,161712.6
7000025,The Dee Estuary,UK11082,EW,Classified/designatd,internationally important,WATR,Waterfowl assemblage,Waterfowl assemblage,W,120726,Individuals,120726 i,5 year peak mean 1994/95 - 1998/99,Waterfowl assemblage - wintering,,N,321146,379996
7000025,The Dee Estuary,UK11082,EW,Classified/designatd,internationally important,143,Calidris canutus (North-eastern Canada/Greenland/Iceland/North-western Europe),Red knot ,W,12394,Individuals,12394 i,5 year peak mean 1994/95 - 1998/99,International population (Wintering),3.5,N,321146,379996
7000025,The Dee Estuary,UK11082,EW,Classified/designatd,internationally important,048,Tadorna tadorna (North-western Europe),Common shelduck ,W,7725,Individuals,7725 i,5 year peak mean 1994/95 - 1998/99,International population (Wintering),2.6,N,321146,379996
7000025,The Dee Estuary,UK11082,EW,Classified/designatd,internationally important,052,Anas crecca (North-western Europe),Eurasian teal ,W,5251,Individuals,5251 i,5 year peak mean 1994/95 - 1998/99,International population (Wintering),1.3,N,321146,379996
7000025,The Dee Estuary,UK11082,EW,Classified/designatd,internationally important,130,Haematopus ostralegus (Europe & Northern/Western Africa),Eurasian oystercatcher ,W,22677,Individuals,22677 i,5 year peak mean 1994/95 - 1998/99,International population (Wintering),2.5,N,321146,379996
7000025,The Dee Estuary,UK11082,EW,Classified/designatd,internationally important,160b,Numenius arquata (Europe - wintering),Eurasian Curlew,W,3899,Individuals,3899 i,5 year peak mean 1994/95 - 1998/99,International population (Wintering),1.1,N,321146,379996
7000025,The Dee Estuary,UK11082,EW,Classified/designatd,internationally important,054,Anas acuta (North-western Europe),Northern pintail ,W,5407,Individuals,5407 i,5 year peak mean 1994/95 - 1998/99,International population (Wintering),9.0,N,321146,379996
7000025,The Dee Estuary,UK11082,EW,Classified/designatd,internationally important,141,Pluvialis squatarola (Eastern Atlantic - wintering),Grey plover ,W,1643,Individuals,1643 i,5 year peak mean 1994/95 - 1998/99,International population (Wintering),1.1,N,321146,379996
7000025,The Dee Estuary,UK11082,EW,Classified/designatd,internationally important,162,Tringa totanus (Eastern Atlantic - wintering),Common redshank ,P,8795,Individuals,8795 i,5 year peak mean 1994/95 - 1998/99,International population (passage),5.9,N,321146,379996
7000025,The Dee Estuary,UK11082,EW,Classified/designatd,nationally important,191,Sterna sandvicensis (Western Europe/Western Africa),Sandwich tern ,P,957,Individuals,957 i,5 year peak mean 1995 -1999,Nationally important population (GB passage),2.3,N,321146,379996
7000025,The Dee Estuary,UK11082,EW,Classified/designatd,nationally important,144,Calidris alba (Eastern Atlantic/Western & Southern Africa - wintering),Sanderling ,W,502,Individuals,502 i,5 year peak mean 1994/95 -1998/99,Nationally important population (GB wintering),2.2,N,321146,379996
7000025,The Dee Estuary,UK11082,EW,Classified/designatd,nationally important,017,Phalacrocorax carbo (North-western Europe),Great cormorant ,W,405,Individuals,405 i,5 year peak mean 1994/95 -1998/99,Nationally important population (GB wintering),3.1,N,321146,379996
7000025,The Dee Estuary,UK11082,EW,Classified/designatd,nationally important,005,Podiceps cristatus (North-western Europe - wintering),Great crested grebe ,W,114,Individuals,114 i,5 year peak mean 1994/95 -1998/99,Nationally important population (GB wintering),1.1,N,321146,379996
7000025,The Dee Estuary,UK11082,EW,Classified/designatd,internationally important,157,Limosa lapponica (Western Palearctic - wintering),Bar-tailed godwit ,W,1150,Individuals,1150 i,5 year peak mean 1994/95 - 1998/99,International population (Wintering),1.2,N,321146,379996
7000025,The Dee Estuary,UK11082,EW,Classified/designatd,nationally important,162,Tringa totanus (Eastern Atlantic - wintering),Common redshank ,B,200,Individuals,200 i,not specified,Nationally important population (GB breeding),,N,321146,379996
7000025,The Dee Estuary,UK11082,EW,Classified/designatd,internationally important,149,Calidris alpina alpina (Northern Siberia/Europe/Western Africa),Dunlin ,W,27769,Individuals,27769 i,5 year peak mean 1994/95 - 1998/99,International population (Wintering),2.0,N,321146,379996
7000025,The Dee Estuary,UK11082,EW,Classified/designatd,nationally important,193,Sterna hirundo (Northern/Eastern Europe - breeding),Common tern ,B,392,Pairs,392 p,5 year peak mean 1995 -1999,Nationally important population (GB breeding),3.2,N,321146,379996
7000025,The Dee Estuary,UK11082,EW,Classified/designatd,nationally important,195,Sterna albifrons (Eastern Atlantic - breeding),Little tern ,B,69,Pairs,69 p,5 year peak mean 1995 -1999,Nationally important population (GB breeding),2.9,N,321146,379996
7000025,The Dee Estuary,UK11082,EW,Classified/designatd,nationally important,050,Anas penelope (Western Siberia/North-western/North-eastern Europe),Eurasian wigeon ,W,4526,Individuals,4526 i,5 year peak mean 1994/95 -1998/99,Nationally important population (GB wintering),1.6,N,321146,379996
7000025,The Dee Estuary,UK11082,EW,Classified/designatd,internationally important,162,Tringa totanus (Eastern Atlantic - wintering),Common redshank ,W,5293,Individuals,5293 i,5 year peak mean 1994/95 - 1998/99,International population (Wintering),3.5,N,321146,379996
7000025,The Dee Estuary,UK11082,EW,Classified/designatd,internationally important,156,Limosa limosa islandica (Iceland - breeding),Black-tailed godwit ,W,1747,Individuals,1747 i,5 year peak mean 1994/95 - 1998/99,International population (Wintering),2.5,N,321146,379996
7000025,The Dee Estuary,UK11082,EW,Classified/designatd,nationally important,137,Charadrius hiaticula (Europe/Northern Africa - wintering),Ringed plover ,P,272,Individuals,272 i,5 year peak mean 1994/95 -1998/99,Nationally important population (GB passage),0.9,N,321146,379996
7000074,The New Forest,UK11047,E,Classified/designatd,nationally important,302,Sylvia undata,Dartford warbler ,B,538,Pairs,538 p,,Nationally important population (GB breeding),33.625,N,424205.8,103038
7000074,The New Forest,UK11047,E,Classified/designatd,nationally important,082,Circus cyaneus,Hen harrier,W,15,Individuals,15 i,,Nationally important population (GB wintering),2,N,424205.8,103038
7000028,The Swale,UK11071,E,Classified/designatd,nationally important,195,Sterna albifrons (Eastern Atlantic - breeding),Little tern ,B,20,,20 n,Seabird 2000 Census,Nationally important population (GB breeding),1.02722136620442,N,597649.4,166303.8
7000028,The Swale,UK11071,E,Classified/designatd,nationally important,179,Larus ridibundus (North-western Europe - breeding),Black-headed gull ,B,3835,,3835 n,Seabird 2000 Census,Nationally important population (GB breeding),2.99827218213233,N,597649.4,166303.8
7000028,The Swale,UK11071,E,Classified/designatd,internationally important,056,Anas clypeata (North-western/Central Europe),Northern shoveler ,W,483,Individuals,483 i,5 year peak mean 1998/9-2002/3,International population (Wintering),1.2075,N,597649.4,166303.8
7000028,The Swale,UK11071,E,Classified/designatd,nationally important,160,Numenius arquata (Europe - breeding),Eurasian curlew ,P,1779,Individuals,1779 i,5 year peak mean 1998/9-2002/3,Nationally important population (GB passage),1.2093813732155,N,597649.4,166303.8
7000028,The Swale,UK11071,E,Classified/designatd,nationally important,161,Tringa erythropus (Europe/Western Africa),Spotted redshank ,P,60,Individuals,60 i,5 year peak mean 1998/9-2002/3,Nationally important population (GB passage),44.1176470588235,N,597649.4,166303.8
7000028,The Swale,UK11071,E,Classified/designatd,nationally important,164,Tringa nebularia (Europe/Western Africa),Common greenshank ,P,49,Individuals,49 i,5 year peak mean 1998/9-2002/3,Nationally important population (GB passage),8.20770519262982,N,597649.4,166303.8
7000028,The Swale,UK11071,E,Classified/designatd,nationally important,004,Tachybaptus ruficollis (Western Palearctic),Little grebe ,W,147,Individuals,147 i,5 year peak mean 1998/9-2002/3,Nationally important population (GB wintering),1.89189189189189,N,597649.4,166303.8
7000028,The Swale,UK11071,E,Classified/designatd,nationally important,026,Egretta garzetta (Sub-Saharan Africa - breeding),Little egret ,P,29,Individuals,29 i,5 year peak mean 1998/9-2002/3,Nationally important population (GB passage),1.75757575757576,N,597649.4,166303.8
7000028,The Swale,UK11071,E,Classified/designatd,internationally important,046a,Branta bernicla bernicla (Western Siberia/Western Europe),Dark-bellied brent goose,W,1633,Individuals,1633 i,5 year peak mean 1998/9-2002/3,Nationally important population (GB wintering),1.66462793068298,N,597649.4,166303.8
7000028,The Swale,UK11071,E,Classified/designatd,nationally important,048,Tadorna tadorna (North-western Europe),Common shelduck ,W,2437,Individuals,2437 i,5 year peak mean 1998/9-2002/3,Nationally important population (GB wintering),3.11636828644501,N,597649.4,166303.8
7000028,The Swale,UK11071,E,Classified/designatd,internationally important,050,Anas penelope (Western Siberia/North-western/North-eastern Europe),Eurasian wigeon ,W,15296,Individuals,15296 i,5 year peak mean 1998/9-2002/3,International population (Wintering),1.01973333333333,N,597649.4,166303.8
7000028,The Swale,UK11071,E,Classified/designatd,internationally important,054,Anas acuta (North-western Europe),Northern pintail ,W,763,Individuals,763 i,5 year peak mean 1998/9-2002/3,International population (Wintering),1.27166666666667,N,597649.4,166303.8
7000028,The Swale,UK11071,E,Classified/designatd,nationally important,130,Haematopus ostralegus (Europe & Northern/Western Africa),Eurasian oystercatcher ,W,4609,Individuals,4609 i,5 year peak mean 1998/9-2002/3,Nationally important population (GB wintering),1.4622461928934,N,597649.4,166303.8
7000028,The Swale,UK11071,E,Classified/designatd,nationally important,132,Recurvirostra avosetta (Western Europe/Western Mediterranean - breeding),Pied avocet ,W,380,Individuals,380 i,5 year peak mean 1998/9-2002/3,Nationally important population (GB wintering),11.1929307805596,N,597649.4,166303.8
7000028,The Swale,UK11071,E,Classified/designatd,internationally important,137,Charadrius hiaticula (Europe/Northern Africa - wintering),Ringed plover ,P,917,Individuals,917 i,5 year peak mean 1998/9-2002/3,International population (passage),1.25616438356164,N,597649.4,166303.8
7000028,The Swale,UK11071,E,Classified/designatd,internationally important,WATR,Waterfowl assemblage,Waterfowl assemblage,W,77501,Individuals,77501 i,5 year peak mean 1998/9-2002/3,Waterfowl assemblage - wintering,,N,597649.4,166303.8
7000028,The Swale,UK11071,E,Classified/designatd,nationally important,158,Numenius phaeopus (Europe/Western Africa),Whimbrel ,P,98,Individuals,98 i,5 year peak mean 1998/9-2002/3 - spring peak,Nationally important population (GB passage),3.26666666666667,N,597649.4,166303.8
7000028,The Swale,UK11071,E,Classified/designatd,internationally important,156,Limosa limosa islandica (Iceland - breeding),Black-tailed godwit ,W,1504,Individuals,1504 i,5 year peak mean 1998/9-2002/3,International population (Wintering),4.29714285714286,N,597649.4,166303.8
7000028,The Swale,UK11071,E,Classified/designatd,nationally important,394,Anser albifrons albifrons (North-western Siberia/North-eastern & North-western Europe),Greater white-fronted goose ,W,973,Individuals,973 i,5 year peak mean for 1996/7-2000/01,Nationally important population (GB wintering),16.8048359240069,N,597649.4,166303.8
7000028,The Swale,UK11071,E,Classified/designatd,nationally important,052,Anas crecca (North-western Europe),Eurasian teal ,W,3610,Individuals,3610 i,5 year peak mean 1998/9-2002/3,Nationally important population (GB wintering),1.88020833333333,N,597649.4,166303.8
7000028,The Swale,UK11071,E,Classified/designatd,internationally important,162,Tringa totanus (Eastern Atlantic - wintering),Common redshank ,P,1712,Individuals,1712 i,5 year peak mean 1998/9-2002/3,Nationally important population (GB passage),1.47459086993971,N,597649.4,166303.8
7000028,The Swale,UK11071,E,Classified/designatd,nationally important,176,Larus melanocephalus,Mediterranean gull ,B,13,,13 n,Seabird 2000 Census,Nationally important population (GB breeding),12.037037037037,N,597649.4,166303.8
7000028,The Swale,UK11071,E,Classified/designatd,nationally important,151,Philomachus pugnax (Western Africa - wintering),Ruff ,W,53,Individuals,53 i,5 year peak mean 1998/9-2002/3,Nationally important population (GB wintering),7.57142857142857,N,597649.4,166303.8
7000028,The Swale,UK11071,E,Classified/designatd,nationally important,149,Calidris alpina alpina (Northern Siberia/Europe/Western Africa),Dunlin ,W,9017,Individuals,9017 i,5 year peak mean 1998/9-2002/3,Nationally important population (GB wintering),1.62234616768622,N,597649.4,166303.8
7000028,The Swale,UK11071,E,Classified/designatd,nationally important,143,Calidris canutus (North-eastern Canada/Greenland/Iceland/North-western Europe),Red knot ,W,3004,Individuals,3004 i,5 year peak mean 1998/9-2002/3,Nationally important population (GB wintering),1.05923836389281,N,597649.4,166303.8
7000028,The Swale,UK11071,E,Classified/designatd,nationally important,142,Vanellus vanellus (Europe - breeding),Northern lapwing ,W,15129,Individuals,15129 i,5 year peak mean 1998/9-2002/3,Nationally important population (GB wintering),1.0086,N,597649.4,166303.8
7000028,The Swale,UK11071,E,Classified/designatd,internationally important,141,Pluvialis squatarola (Eastern Atlantic - wintering),Grey plover ,W,2098,Individuals,2098 i,5 year peak mean 1998/9-2002/3,Nationally important population (GB wintering),3.97725118483412,N,597649.4,166303.8
7000028,The Swale,UK11071,E,Classified/designatd,nationally important,140,Pluvialis apricaria [North-western Europe - breeding],European golden plover ,W,7522,Individuals,7522 i,5 year peak mean 1998/9-2002/3,Nationally important population (GB wintering),3.0088,N,597649.4,166303.8
7000041,The Wash,UK11072,E,Classified/designatd,internationally important,162,Tringa totanus (Eastern Atlantic - wintering),Common redshank ,P,6373,Individuals,6373 i,5 year peak mean 1998/9-2002/3,International population (passage),2.5492,N,553661,340320.8
7000041,The Wash,UK11072,E,Classified/designatd,nationally important,195,Sterna albifrons (Eastern Atlantic - breeding),Little tern ,B,33,Pairs,33 p,5 year mean 1992-1996,Nationally important population (GB breeding),1.69491525423729,N,553661,340320.8
7000041,The Wash,UK11072,E,Classified/designatd,nationally important,164,Tringa nebularia (Europe/Western Africa),Common greenshank ,P,376,Individuals,376 i,5 year peak mean 1998/9-2002/3,Nationally important population (GB passage),62.9815745393635,N,553661,340320.8
7000041,The Wash,UK11072,E,Classified/designatd,nationally important,394,Anser albifrons albifrons (North-western Siberia/North-eastern & North-western Europe),Greater white-fronted goose ,W,100,Individuals,100 i,,Nationally important population (GB wintering),1.72711571675302,N,553661,340320.8
7000041,The Wash,UK11072,E,Classified/designatd,nationally important,183,Larus fuscus (Western Europe/Mediterranean/Western Africa),Lesser black-backed gull ,P,1993,Individuals,1993 i,5 year peak mean 1998/9-2002/3,Nationally important population (GB passage),3.28028046151061,N,553661,340320.8
7000041,The Wash,UK11072,E,Classified/designatd,internationally important,169,Arenaria interpres (Western Palearctic - wintering),Ruddy turnstone ,P,888,Individuals,888 i,5 year peak mean 1998/9-2002/3,Nationally important population (GB passage),1.79212916246216,N,553661,340320.8
7000041,The Wash,UK11072,E,Classified/designatd,internationally important,WATR,Waterfowl assemblage,Waterfowl assemblage,W,292541,Individuals,292541 i,5 year peak mean 1998/9-2002/3,Waterfowl assemblage - wintering,,N,553661,340320.8
7000041,The Wash,UK11072,E,Classified/designatd,nationally important,193,Sterna hirundo (Northern/Eastern Europe - breeding),Common tern ,B,152,Pairs,152 p,Count as at 1993,Nationally important population (GB breeding),1.49990132228143,N,553661,340320.8
7000041,The Wash,UK11072,E,Classified/designatd,internationally important,130,Haematopus ostralegus (Europe & Northern/Western Africa),Eurasian oystercatcher ,P,15616,Individuals,15616 i,5 year peak mean 1998/9-2002/3,International population (passage),1.53098039215686,N,553661,340320.8
7000041,The Wash,UK11072,E,Classified/designatd,nationally important,001,Gavia stellata (North-western Europe - wintering),Red-throated diver ,W,55,Individuals,55 i,5 year peak mean 1998/9-2002/3,Nationally important population (GB wintering),1.1340206185567,N,553661,340320.8
7000041,The Wash,UK11072,E,Classified/designatd,nationally important,183,Larus fuscus (Western Europe/Mediterranean/Western Africa),Lesser black-backed gull ,B,1378,,1378 n,Seabird 2000 Census,Nationally important population (GB breeding),1.25157809647505,N,553661,340320.8
7000041,The Wash,UK11072,E,Classified/designatd,nationally important,017,Phalacrocorax carbo (North-western Europe),Great cormorant ,P,367,Individuals,367 i,5 year peak mean 1998/9-2002/3,Nationally important population (GB passage),1.59565217391304,N,553661,340320.8
7000041,The Wash,UK11072,E,Classified/designatd,nationally important,039,Anser fabalis,Bean goose ,W,7,Individuals,7 i,,Nationally important population (GB wintering),1.75,N,553661,340320.8
7000041,The Wash,UK11072,E,Classified/designatd,internationally important,040,Anser brachyrhynchus (Eastern Greenland/Iceland/UK),Pink-footed goose ,W,29099,Individuals,29099 i,5 year peak mean 1998/9-2002/3,International population (Wintering),12.1245833333333,N,553661,340320.8
7000041,The Wash,UK11072,E,Classified/designatd,internationally important,046a,Branta bernicla bernicla (Western Siberia/Western Europe),Dark-bellied brent goose,W,20861,Individuals,20861 i,5 year peak mean 1998/9-2002/3,International population (Wintering),9.70279069767442,N,553661,340320.8
7000041,The Wash,UK11072,E,Classified/designatd,internationally important,048,Tadorna tadorna (North-western Europe),Common shelduck ,W,9746,Individuals,9746 i,5 year peak mean 1998/9-2002/3,International population (Wintering),3.24866666666667,N,553661,340320.8
7000041,The Wash,UK11072,E,Classified/designatd,internationally important,054,Anas acuta (North-western Europe),Northern pintail ,W,431,Individuals,431 i,5 year peak mean 1998/9-2002/3,Nationally important population (GB wintering),1.54480286738351,N,553661,340320.8
7000041,The Wash,UK11072,E,Classified/designatd,nationally important,179,Larus ridibundus (North-western Europe - breeding),Black-headed gull ,W,31403,Individuals,31403 i,5 year peak mean 1998/9-2002/3,Nationally important population (GB wintering),1.87000535937593,N,553661,340320.8
7000041,The Wash,UK11072,E,Classified/designatd,nationally important,065,Melanitta nigra (Western Siberia/Western & Northern Europe/North-western Africa),Black (common) scoter ,W,1190,Individuals,1190 i,5 year peak mean 1998/9-2002/3,Nationally important population (GB wintering),2.38,N,553661,340320.8
7000041,The Wash,UK11072,E,Classified/designatd,nationally important,161,Tringa erythropus (Europe/Western Africa),Spotted redshank ,W,54,Individuals,54 i,5 year peak mean 1998/9-2002/3,Nationally important population (GB wintering),39.7058823529412,N,553661,340320.8
7000041,The Wash,UK11072,E,Classified/designatd,nationally important,132,Recurvirostra avosetta (Western Europe/Western Mediterranean - breeding),Pied avocet ,P,422,Individuals,422 i,5 year peak mean 1998/9-2002/3,Nationally important population (GB passage),12.4300441826215,N,553661,340320.8
7000041,The Wash,UK11072,E,Classified/designatd,internationally important,137,Charadrius hiaticula (Europe/Northern Africa - wintering),Ringed plover ,P,1500,Individuals,1500 i,5 year peak mean 1998/9-2002/3,International population (passage),2.05479452054795,N,553661,340320.8
7000041,The Wash,UK11072,E,Classified/designatd,internationally important,140,Pluvialis apricaria [North-western Europe - breeding],European golden plover ,W,22033,Individuals,22033 i,5 year peak mean 1998/9-2002/3,International population (Wintering),2.36913978494624,N,553661,340320.8
7000041,The Wash,UK11072,E,Classified/designatd,internationally important,149,Calidris alpina alpina (Northern Siberia/Europe/Western Africa),Dunlin ,W,36600,Individuals,36600 i,5 year peak mean 1998/9-2002/3,International population (Wintering),2.75187969924812,N,553661,340320.8
7000041,The Wash,UK11072,E,Classified/designatd,internationally important,160,Numenius arquata (Europe - breeding),Eurasian curlew ,P,9438,Individuals,9438 i,5 year peak mean 1998/9-2002/3,International population (passage),2.24714285714286,N,553661,340320.8
7000041,The Wash,UK11072,E,Classified/designatd,nationally important,158,Numenius phaeopus (Europe/Western Africa),Whimbrel ,P,191,Individuals,191 i,5 year peak mean 1998/9-2002/3,Nationally important population (GB passage),6.36666666666667,N,553661,340320.8
7000041,The Wash,UK11072,E,Classified/designatd,internationally important,157,Limosa lapponica (Western Palearctic - wintering),Bar-tailed godwit ,W,16546,Individuals,16546 i,5 year peak mean 1998/9-2002/3,International population (Wintering),13.7883333333333,N,553661,340320.8
7000041,The Wash,UK11072,E,Classified/designatd,internationally important,156,Limosa limosa islandica (Iceland - breeding),Black-tailed godwit ,P,6849,Individuals,6849 i,5 year peak mean 1998/9-2002/3,International population (passage),19.5685714285714,N,553661,340320.8
7000041,The Wash,UK11072,E,Classified/designatd,nationally important,063,Somateria mollissima (Britain/Ireland),Common eider ,W,1109,Individuals,1109 i,5 year peak mean 1998/9-2002/3,Nationally important population (GB wintering),1.51917808219178,N,553661,340320.8
7000041,The Wash,UK11072,E,Classified/designatd,nationally important,151,Philomachus pugnax (Western Africa - wintering),Ruff ,P,25,Individuals,25 i,5 year peak mean 1998/9-2002/3,Nationally important population (GB passage),3.57142857142857,N,553661,340320.8
7000041,The Wash,UK11072,E,Classified/designatd,internationally important,141,Pluvialis squatarola (Eastern Atlantic - wintering),Grey plover ,P,13129,Individuals,13129 i,5 year peak mean 1998/9-2002/3 - spring peak,International population (passage),5.31538461538462,N,553661,340320.8
7000041,The Wash,UK11072,E,Classified/designatd,internationally important,144,Calidris alba (Eastern Atlantic/Western & Southern Africa - wintering),Sanderling ,P,3505,Individuals,3505 i,5 year peak mean 1998/9-2002/3,International population (passage),2.84959349593496,N,553661,340320.8
7000041,The Wash,UK11072,E,Classified/designatd,internationally important,142,Vanellus vanellus (Europe - breeding),Northern lapwing ,W,46422,Individuals,46422 i,5 year peak mean 1998/9-2002/3,International population (Wintering),1.36535294117647,N,553661,340320.8
7000041,The Wash,UK11072,E,Classified/designatd,internationally important,143,Calidris canutus (North-eastern Canada/Greenland/Iceland/North-western Europe),Red knot ,P,68987,Individuals,68987 i,5 year peak mean 1998/9-2002/3,International population (passage),15.3304444444444,N,553661,340320.8
7000125,Upper Lough Erne,UK12024,NI,Classified/designatd,nationally important,059,Aythya ferina (North-western/North-eastern Europe),Common pochard ,W,451,Individuals,451 i,5 year peak mean 1998/9-2002/3,Nationally important population (all Ireland wintering),1.1275,N,41786.10555,492193.6742
7000125,Upper Lough Erne,UK12024,NI,Classified/designatd,nationally important,005,Podiceps cristatus (North-western Europe - wintering),Great crested grebe ,W,160,Individuals,160 i,5 year peak mean 1998/9-2002/3,Nationally important population (all Ireland wintering),4.57142857142857,N,41786.10555,492193.6742
7000125,Upper Lough Erne,UK12024,NI,Classified/designatd,nationally important,125,Fulica atra (North-western Europe - wintering),Common coot ,W,1043,Individuals,1043 i,5 year peak mean 1998/9-2002/3,Nationally important population (all Ireland wintering),4.172,N,41786.10555,492193.6742
7000125,Upper Lough Erne,UK12024,NI,Classified/designatd,nationally important,004,Tachybaptus ruficollis (Western Palearctic),Little grebe ,W,89,Individuals,89 i,5 year peak mean 1998/9-2002/3,Nationally important population (all Ireland wintering),1.78,N,41786.10555,492193.6742
7000125,Upper Lough Erne,UK12024,NI,Classified/designatd,nationally important,061,Aythya fuligula (North-western Europe),Tufted duck ,W,839,Individuals,839 i,5 year peak mean 1998/9-2002/3,Nationally important population (all Ireland wintering),2.0975,N,41786.10555,492193.6742
7000125,Upper Lough Erne,UK12024,NI,Classified/designatd,nationally important,052,Anas crecca (North-western Europe),Eurasian teal ,W,857,Individuals,857 i,5 year peak mean 1998/9-2002/3,Nationally important population (all Ireland wintering),1.31846153846154,N,41786.10555,492193.6742
7000125,Upper Lough Erne,UK12024,NI,Classified/designatd,nationally important,179,Larus ridibundus (North-western Europe - breeding),Black-headed gull ,B,1527,,1527 n,Seabird 2000 Census,Nationally important population (all Ireland breeding),2.83828996282528,N,41786.10555,492193.6742
7000125,Upper Lough Erne,UK12024,NI,Classified/designatd,nationally important,053,Anas platyrhynchos (North-western Europe),Mallard ,W,523,Individuals,523 i,5 year peak mean 1998/9-2002/3,Nationally important population (all Ireland wintering),1.046,N,41786.10555,492193.6742
7000125,Upper Lough Erne,UK12024,NI,Classified/designatd,internationally important,038,Cygnus cygnus (Iceland/UK/Ireland),Whooper swan ,W,875,Individuals,875 i,5 year peak mean 1998/9-2002/3,International population (Wintering),4.1866028708134,N,41786.10555,492193.6742
7000125,Upper Lough Erne,UK12024,NI,Classified/designatd,nationally important,017,Phalacrocorax carbo (North-western Europe),Great cormorant ,W,135,Individuals,135 i,5 year peak mean 1998/9-2002/3,Nationally important population (all Ireland wintering),2.7,N,41786.10555,492193.6742
9000398,Upper Nene Valley Gravel Pits,UK11083,E,Classified/designatd,internationally important,036,Cygnus olor (Britain),Mute swan ,W,629,Individuals,629 i,5-year peak mean 1999/2000 – 2003/04,International population (Wintering),1.7,N,0,0
9000398,Upper Nene Valley Gravel Pits,UK11083,E,Classified/designatd,internationally important,051,Anas strepera (North-western Europe),Gadwall ,W,773,Individuals,773 i,5-year peak mean 1999/2000 – 2003/04,International population (Wintering),2,N,0,0
9000398,Upper Nene Valley Gravel Pits,UK11083,E,Classified/designatd,internationally important,WATR,Waterfowl assemblage,Waterfowl assemblage,W,23821,Individuals,23821 i,5-year peak mean 1999/2000 – 2003/04,Waterfowl assemblage - wintering,,N,0,0
9000398,Upper Nene Valley Gravel Pits,UK11083,E,Classified/designatd,nationally important,021,Botaurus stellaris (Europe - breeding),Great bittern ,W,2,Individuals,2 i,"5 year peak mean
1999/2000 – 2003/04",Nationally important population (GB wintering),2,N,0,0
9000398,Upper Nene Valley Gravel Pits,UK11083,E,Classified/designatd,nationally important,125,Fulica atra (North-western Europe - wintering),Common coot ,W,2323,Individuals,2323 i,"5 year peak mean
1999/2000 – 2003/04",Nationally important population (GB wintering),1.3,N,0,0
9000398,Upper Nene Valley Gravel Pits,UK11083,E,Classified/designatd,nationally important,017,Phalacrocorax carbo (North-western Europe),Great cormorant ,W,285,Individuals,285 i,"5 year peak mean
1999/2000 – 2003/04",Nationally important population (GB wintering),1.2,N,0,0
9000398,Upper Nene Valley Gravel Pits,UK11083,E,Classified/designatd,nationally important,005,Podiceps cristatus (North-western Europe - wintering),Great crested grebe ,W,288,Individuals,288 i,"5 year peak mean
1999/2000 – 2003/04",Nationally important population (GB wintering),1.8,N,0,0
9000398,Upper Nene Valley Gravel Pits,UK11083,E,Classified/designatd,nationally important,059,Aythya ferina (North-western/North-eastern Europe),Common pochard ,W,625,Individuals,625 i,"5 year peak mean
1999/2000 – 2003/04",Nationally important population (GB wintering),1.1,N,0,0
9000398,Upper Nene Valley Gravel Pits,UK11083,E,Classified/designatd,nationally important,056,Anas clypeata (North-western/Central Europe),Northern shoveler ,W,178,Individuals,178 i,"5 year peak mean
1999/2000 – 2003/04",Nationally important population (GB wintering),1.2,N,0,0
9000398,Upper Nene Valley Gravel Pits,UK11083,E,Classified/designatd,nationally important,050,Anas penelope (Western Siberia/North-western/North-eastern Europe),Eurasian wigeon ,W,5001,Individuals,5001 i,"5 year peak mean
1999/2000 – 2003/04",Nationally important population (GB wintering),1.2,N,0,0
9000398,Upper Nene Valley Gravel Pits,UK11083,E,Classified/designatd,nationally important,140,Pluvialis apricaria [North-western Europe - breeding],European golden plover ,W,5790,Individuals,5790 i,"5 year peak mean
1999/2000 – 2003/04",Nationally important population (GB wintering),2.3,N,0,0
9000398,Upper Nene Valley Gravel Pits,UK11083,E,Classified/designatd,nationally important,061,Aythya fuligula (North-western Europe),Tufted duck ,W,1187,Individuals,1187 i,"5 year peak mean
1999/2000 – 2003/04",Nationally important population (GB wintering),1.3,N,0,0
7000065,Upper Solway Flats and Marshes,UK11079,ES,Classified/designatd,nationally important,151,Philomachus pugnax (Western Africa - wintering),Ruff ,P,22,Individuals,22 i,5 year peak mean 1998/9-2002/3,Nationally important population (GB passage),3.14285714285714,N,308669,557723
7000065,Upper Solway Flats and Marshes,UK11079,ES,Classified/designatd,internationally important,040,Anser brachyrhynchus (Eastern Greenland/Iceland/UK),Pink-footed goose ,W,4321,Individuals,4321 i,5 year peak mean 1998/9-2002/3,International population (Wintering),1.80041666666667,N,308669,557723
7000065,Upper Solway Flats and Marshes,UK11079,ES,Classified/designatd,nationally important,141,Pluvialis squatarola (Eastern Atlantic - wintering),Grey plover ,P,704,Individuals,704 i,5 year peak mean 1998/9-2002/3,Nationally important population (GB passage),1.3345971563981,N,308669,557723
7000065,Upper Solway Flats and Marshes,UK11079,ES,Classified/designatd,internationally important,160,Numenius arquata (Europe - breeding),Eurasian curlew ,W,6179,Individuals,6179 i,5 year peak mean 1998/9-2002/3,International population (Wintering),1.47119047619048,N,308669,557723
7000065,Upper Solway Flats and Marshes,UK11079,ES,Classified/designatd,internationally important,137,Charadrius hiaticula (Europe/Northern Africa - wintering),Ringed plover ,P,1405,Individuals,1405 i,5 year peak mean 1998/9-2002/3 - spring peak,International population (passage),1.92465753424658,N,308669,557723
7000065,Upper Solway Flats and Marshes,UK11079,ES,Classified/designatd,internationally important,130,Haematopus ostralegus (Europe & Northern/Western Africa),Eurasian oystercatcher ,P,56831,Individuals,56831 i,5 year peak mean 1998/9-2002/3,International population (passage),5.57166666666667,N,308669,557723
7000065,Upper Solway Flats and Marshes,UK11079,ES,Classified/designatd,internationally important,062,Aythya marila (Northern/Western Europe),Greater scaup ,W,1612,Individuals,1612 i,5 year peak mean 1998/9-2002/3,Nationally important population (GB wintering),21.3227513227513,N,308669,557723
7000065,Upper Solway Flats and Marshes,UK11079,ES,Classified/designatd,internationally important,054,Anas acuta (North-western Europe),Northern pintail ,W,4264,Individuals,4264 i,5 year peak mean 1998/9-2002/3,International population (Wintering),7.10666666666667,N,308669,557723
7000065,Upper Solway Flats and Marshes,UK11079,ES,Classified/designatd,nationally important,158,Numenius phaeopus (Europe/Western Africa),Whimbrel ,P,42,Individuals,42 i,5 year peak mean 1998/9-2002/3 - spring peak,Nationally important population (GB passage),1.4,N,308669,557723
7000065,Upper Solway Flats and Marshes,UK11079,ES,Classified/designatd,internationally important,045b,Branta leucopsis [Svalbard/Denmark/UK],Barnacle goose ,W,13515,Individuals,13515 i,5 year peak mean 1998/9-2002/3,International population (Wintering),58.7608695652174,N,308669,557723
7000065,Upper Solway Flats and Marshes,UK11079,ES,Classified/designatd,internationally important,143,Calidris canutus (North-eastern Canada/Greenland/Iceland/North-western Europe),Red knot ,W,9370,Individuals,9370 i,5 year peak mean 1998/9-2002/3,International population (Wintering),2.08222222222222,N,308669,557723
7000065,Upper Solway Flats and Marshes,UK11079,ES,Classified/designatd,internationally important,038,Cygnus cygnus (Iceland/UK/Ireland),Whooper swan ,W,154,Individuals,154 i,5 year peak mean 1998/9-2002/3,Nationally important population (GB wintering),2.69230769230769,N,308669,557723
7000065,Upper Solway Flats and Marshes,UK11079,ES,Classified/designatd,nationally important,017,Phalacrocorax carbo (North-western Europe),Great cormorant ,P,597,Individuals,597 i,5 year peak mean 1998/9-2002/3,Nationally important population (GB passage),2.59565217391304,N,308669,557723
7000065,Upper Solway Flats and Marshes,UK11079,ES,Classified/designatd,nationally important,005,Podiceps cristatus (North-western Europe - wintering),Great crested grebe ,W,180,Individuals,180 i,5 year peak mean 1998/9-2002/3,Nationally important population (GB wintering),1.13207547169811,N,308669,557723
7000065,Upper Solway Flats and Marshes,UK11079,ES,Classified/designatd,internationally important,183,Larus fuscus (Western Europe/Mediterranean/Western Africa),Lesser black-backed gull ,B,2402,,2402 n,Seabird 2000 Census,International population (Breeding),1.62509218101984,N,308669,557723
7000065,Upper Solway Flats and Marshes,UK11079,ES,Classified/designatd,internationally important,184,Larus argentatus (North-western Europe (breeding) and Iceland/Western Europe - breeding),Herring gull ,B,7211,,7211 n,Seabird 2000 Census,International population (Breeding),1.9837689133425,N,308669,557723
7000065,Upper Solway Flats and Marshes,UK11079,ES,Classified/designatd,nationally important,195,Sterna albifrons (Eastern Atlantic - breeding),Little tern ,B,23,,23 n,Seabird 2000 Census,Nationally important population (GB breeding),1.18130457113508,N,308669,557723
7000065,Upper Solway Flats and Marshes,UK11079,ES,Classified/designatd,nationally important,048,Tadorna tadorna (North-western Europe),Common shelduck ,P,2928,Individuals,2928 i,5 year peak mean 1998/9-2002/3,Nationally important population (GB passage),3.74424552429668,N,308669,557723
7000065,Upper Solway Flats and Marshes,UK11079,ES,Classified/designatd,internationally important,149,Calidris alpina alpina (Northern Siberia/Europe/Western Africa),Dunlin ,W,14807,Individuals,14807 i,5 year peak mean 1998/9-2002/3,International population (Wintering),1.11330827067669,N,308669,557723
7000065,Upper Solway Flats and Marshes,UK11079,ES,Classified/designatd,internationally important,157,Limosa lapponica (Western Palearctic - wintering),Bar-tailed godwit ,W,1758,Individuals,1758 i,5 year peak mean 1998/9-2002/3,International population (Wintering),1.465,N,308669,557723
7000065,Upper Solway Flats and Marshes,UK11079,ES,Classified/designatd,internationally important,162,Tringa totanus (Eastern Atlantic - wintering),Common redshank ,W,3459,Individuals,3459 i,5 year peak mean 1998/9-2002/3,International population (Wintering),1.3836,N,308669,557723
7000065,Upper Solway Flats and Marshes,UK11079,ES,Classified/designatd,nationally important,164,Tringa nebularia (Europe/Western Africa),Common greenshank ,P,33,Individuals,33 i,5 year peak mean 1998/9-2002/3,Nationally important population (GB passage),5.52763819095477,N,308669,557723
7000065,Upper Solway Flats and Marshes,UK11079,ES,Classified/designatd,nationally important,182,Larus canus (West and Central Europe),Mew gull ,P,7111,Individuals,7111 i,5 year peak mean 1998/9-2002/3,Nationally important population (GB passage),1.65973844706739,N,308669,557723
7000065,Upper Solway Flats and Marshes,UK11079,ES,Classified/designatd,internationally important,WATR,Waterfowl assemblage,Waterfowl assemblage,W,135720,Individuals,135720 i,5 year peak mean 1998/9-2002/3,Waterfowl assemblage - wintering,,N,308669,557723
7000065,Upper Solway Flats and Marshes,UK11079,ES,Classified/designatd,nationally important,144,Calidris alba (Eastern Atlantic/Western & Southern Africa - wintering),Sanderling ,P,216,Individuals,216 i,5 year peak mean 1998/9-2002/3,Nationally important population (GB passage),1.05160662122687,N,308669,557723
7000065,Upper Solway Flats and Marshes,UK11079,ES,Classified/designatd,nationally important,140,Pluvialis apricaria [North-western Europe - breeding],European golden plover ,W,3910,Individuals,3910 i,5 year peak mean 1998/9-2002/3,Nationally important population (GB wintering),1.564,N,308669,557723
7000057,Walmore Common,UK11076,E,Classified/designatd,internationally important,037,Cygnus columbianus bewickii (Western Siberia/North-eastern & North-western Europe),Tundra swan ,W,43,Individuals,43 i,5 year peak mean 1998/9-2002/3,Nationally important population (GB wintering),0.532837670384139,N,374460.8,215045
7000107,Westwater,UK13060,S,Classified/designatd,nationally important,182,Larus canus (West and Central Europe),Mew gull ,W,6700,Individuals,6700 i,5 year peak mean 1998/9-2002/3,Nationally important population (GB wintering),1.56380925261588,N,311615,652454
7000107,Westwater,UK13060,S,Classified/designatd,internationally important,040,Anser brachyrhynchus (Eastern Greenland/Iceland/UK),Pink-footed goose ,P,18520,Individuals,18520 i,5 year peak mean 1998/9-2002/3,International population (passage),7.71666666666667,N,311615,652454
7000107,Westwater,UK13060,S,Classified/designatd,internationally important,WATR,Waterfowl assemblage,Waterfowl assemblage,W,18759,Individuals,18759 i,5 year peak mean 1998/9-2002/3,Waterfowl assemblage - wintering,,N,311615,652454
7000127,Ythan Estuary and Meikle Loch,UK13061,S,Classified/designatd,nationally important,063,Somateria mollissima (Britain/Ireland),Common eider ,P,2309,Individuals,2309 i,5 year peak mean 1998/9-2002/3 - spring peak,Nationally important population (GB passage),3.16301369863014,N,402960,827049
7000127,Ythan Estuary and Meikle Loch,UK13061,S,Classified/designatd,nationally important,162,Tringa totanus (Eastern Atlantic - wintering),Common redshank ,W,1388,Individuals,1388 i,5 year peak mean 1998/9-2002/3,Nationally important population (GB wintering),1.19552110249785,N,402960,827049
7000127,Ythan Estuary and Meikle Loch,UK13061,S,Classified/designatd,nationally important,193,Sterna hirundo (Northern/Eastern Europe - breeding),Common tern ,B,265,Pairs,265 p,Count as at early 1990s,Nationally important population (GB breeding),2.61495954213539,N,402960,827049
7000127,Ythan Estuary and Meikle Loch,UK13061,S,Classified/designatd,internationally important,WATR,Waterfowl assemblage,Waterfowl assemblage,W,9271,Individuals,9271 i,5 year peak mean 1998/9-2002/3,Waterfowl assemblage - wintering,,N,402960,827049
7000127,Ythan Estuary and Meikle Loch,UK13061,S,Classified/designatd,internationally important,191,Sterna sandvicensis (Western Europe/Western Africa),Sandwich tern ,B,524,,524 n,Seabird 2000 Census,Nationally important population (GB breeding),4.97342444950645,N,402960,827049
7000127,Ythan Estuary and Meikle Loch,UK13061,S,Classified/designatd,nationally important,195,Sterna albifrons (Eastern Atlantic - breeding),Little tern ,B,58,,58 n,Seabird 2000 Census,Nationally important population (GB breeding),2.97894196199281,N,402960,827049
7000127,Ythan Estuary and Meikle Loch,UK13061,S,Classified/designatd,internationally important,040,Anser brachyrhynchus (Eastern Greenland/Iceland/UK),Pink-footed goose ,P,1145,Individuals,1145 i,5 year peak mean 1998/9-2002/3,Nationally important population (GB passage),0.475103734439834,N,402960,827049
,Mersey Narrows and North Wirral Foreshore,UK11042,E,Classified/designatd,internationally important,WATR,Waterfowl assemblage,Waterfowl assemblage,W,"32,402",Individuals,32402 i,5 year peak mean 2004/5-2008/9,Waterfowl assemblage - wintering,,N,325718,391706
,Mersey Narrows and North Wirral Foreshore,UK11042,E,Classified/designatd,internationally important,156,limosa lapponica lapponica (W Europe/NW Africa (non-breeding)),Bar-tailed godwit ,W,3344,Individuals,3344 i,5 year peak mean 2004/5-2008/9,International population (Wintering),2.8,N,325718,391706
,Mersey Narrows and North Wirral Foreshore,UK11042,E,Classified/designatd,internationally important,671,Calidris canutus islandica (W Europe/Waddensea/Britain/Ireland (non-breeding),Red knot ,W,10655,Individuals,10655 i,5 year peak mean 2004/5-2008/9,International population (Wintering),2.4,N,325718,391706
,Mersey Narrows and North Wirral Foreshore,UK11042,E,Classified/designatd,internationally important,177,Larus minutus,little gull,P,213,Individuals,213 i,5 year peak mean 2004/5-2008/9,,,,325718,391706
,Mersey Narrows and North Wirral Foreshore,UK11042,E,Classified/designatd,internationally important,193,Sterna hirundo,Common tern ,P,1475,Individuals,1475 i,5 year peak mean 2004/5-2008/9,,,,325718,391706
